,Application number,Assignee,assignee_type,Likely_Assignee_ru,Assignee region
0,EP17197386,AO KASPERSKY LAB,organisation,"АО ""ЛАБОРАТОРИЯ КАСПЕРСКОГО"" ",Moscow
22,EP17197385,AO KASPERSKY LAB,organisation,"АО ""ЛАБОРАТОРИЯ КАСПЕРСКОГО"" ",Moscow
23,EP17197108,AO KASPERSKY LAB,organisation,"АО ""ЛАБОРАТОРИЯ КАСПЕРСКОГО"" ",Moscow
24,WORU2017000572,AUTONOMOUS NON PROFIT ORGANIZATION FOR HIGHER EDUCATION SKOLKOVO INSTITUTE OF SCIENCE & TECHNOLOGY,organisation,АВТОНОМНАЯ НЕКОММЕРЧЕСКАЯ ОРГАНИЗАЦИЯ ВЫСШЕГО ОБРАЗОВАНИЯ ИНСТИТУТ НАУКИ И ТЕХНОЛОГИЙ СКОЛКОВО ,Not Moscow
28,RU2017125876,AUTONOMOUS NON PROFIT ORGANIZATION FOR HIGHER EDUCATION SKOLKOVO INSTITUTE OF SCIENCE & TECHNOLOGY,organisation,АВТОНОМНАЯ НЕКОММЕРЧЕСКАЯ ОРГАНИЗАЦИЯ ВЫСШЕГО ОБРАЗОВАНИЯ ИНСТИТУТ НАУКИ И ТЕХНОЛОГИЙ СКОЛКОВО ,Not Moscow
29,WORU2017000529,TORUS PROJECT,organisation,ПРОЕКТ ТОРУС ,Not Moscow
55,"US15/653,578",LIABILITY,organisation,Ограниченной ответственностью,Not Moscow
64,EP17196479,AO KASPERSKY LAB,organisation,"АО ""ЛАБОРАТОРИЯ КАСПЕРСКОГО"" ",Moscow
65,"US15/700,390",KASHCHENKO STANISLAV D,individual,КАЩЕНКО СТАНИСЛАВ Д,Not Moscow
66,WORU2017000456,PEPTID PRODUCTS,organisation,ПЕПТИД ПРОДУКТЫ,Not Moscow
67,EP17382418,CONSEJO SUPERIOR DE INVESTIG CIENTÍFICAS CSIC,organisation,CONSEJO УЛУЧШЕННЫЙ ДЕ-РАЗВЕДКА НАУЧНЫМ И ТЕХНИЧЕСКИМ КАРБОН-КЕРАМИЧЕСКИЕ,Not Moscow
67,EP17382418,IMMANUIL KANT BALTIC FEDERAL UNIVERSITY IKBFU,organisation,ИММАНУИЛА КАНТА БАЛТИЙСКОГО ФЕДЕРАЛЬНОГО УНИВЕРСИТЕТА БФУ ИМ. И. КАНТА,Not Moscow
69,EP17196437,AO KASPERSKY LAB,organisation,"АО ""ЛАБОРАТОРИЯ КАСПЕРСКОГО"" ",Moscow
69,EP17196437,AO KASPERSKY LAB AO KASPERSKY LAB,organisation,"АО ""ЛАБОРАТОРИЯ КАСПЕРСКОГО"" АО ""ЛАБОРАТОРИЯ КАСПЕРСКОГО"" ",Moscow
78,RU2017125333,AO KASPERSKY LAB,organisation,"АО ""ЛАБОРАТОРИЯ КАСПЕРСКОГО"" ",Moscow
78,RU2017125333,LABORATORIYA KASPERSKOGO,organisation,ЛАБОРАТОРИЯ КАСПЕРСКОГО ,Moscow
90,RU2017128559,FEDERAL STATE BUDGETARY EDUCATION INSTITUTION OF HIGHER EDUCATION LOMONOSOV MOSCOW STATE UNIVERSITY,organisation,ФЕДЕРАЛЬНОЕ ГОСУДАРСТВЕННОЕ БЮДЖЕТНОЕ ОБРАЗОВАТЕЛЬНОЕ УЧРЕЖДЕНИЕ ВЫСШЕГО ОБРАЗОВАНИЯ МОСКОВСКИЙ ГОСУДАРСТВЕННЫЙ УНИВЕРСИТЕТ ИМЕНИ М. В. ЛОМОНОСОВА ,Not Moscow
90,RU2017128559,FEDERALNOE GOSUDARSTVENNOE BYUDZHETNOE OBRAZOVATELNOE UCHREZHDENIE VYSSHEGO OBRAZOVANIYA MOSKOVSKIJ AVIATSIONNYJ INSTITUT,organisation,ФЕДЕРАЛЬНОЕ ГОСУДАРСТВЕННОЕ БЮДЖЕТНОЕ ОБРАЗОВАТЕЛЬНОЕ УЧРЕЖДЕНИЕ ВЫСШЕГО ОБРАЗОВАНИЯ МОСКОВСКИЙ ИНСТИТУТ AVIATSIONNYJ,Not Moscow
115,WORU2017000440,OPTIMAL MAN LIABILITY,organisation,ОПТИМАЛЬНЫМ ОТВЕТСТВЕННОСТИ ЧЕЛОВЕКА ,Not Moscow
116,RU2017121244,LITVINENKO ANDREY YURIEVICH,individual,ЛИТВИНЕНКО АНДРЕЙ ЮРЬЕВИЧ,Not Moscow
116,RU2017121244,LITVINENKO YURIJ VADIMOVICH,individual,ЛИТВИНЕНКО ЮРИЙ ВАДИМОВИЧ,Not Moscow
116,RU2017121244,LITVINENKO YUY VADIMOVICH,individual,ЛИТВИНЕНКО ЮЙ ВАДИМОВИЧ,Not Moscow
116,RU2017121244,PARINOV YURY VALENTINOVICH,individual,ПАРИНОВ ЮРИЙ ВАЛЕНТИНОВИЧ,Not Moscow
117,EP17196199,AO KASPERSKY LAB,organisation,"АО ""ЛАБОРАТОРИЯ КАСПЕРСКОГО"" ",Moscow
117,EP17196199,AO KASPERSKY LAB AO KASPERSKY LAB,organisation,"АО ""ЛАБОРАТОРИЯ КАСПЕРСКОГО"" АО ""ЛАБОРАТОРИЯ КАСПЕРСКОГО"" ",Moscow
118,"US15/623,965",BEAMR IMAGING,organisation,BEAMR ВИЗУАЛИЗАЦИИ,Not Moscow
134,RU2017125331,AO KASPERSKY LAB,organisation,"АО ""ЛАБОРАТОРИЯ КАСПЕРСКОГО"" ",Moscow
134,RU2017125331,LABORATORIYA KASPERSKOGO,organisation,ЛАБОРАТОРИЯ КАСПЕРСКОГО ,Moscow
150,RU2017119608,GAITUKIEV IBRAGIM MAGOMEDOVICH,individual,ГАЙТУКИЕВ ИБРАГИМ МАГОМЕДОВИЧ,Not Moscow
150,RU2017119608,TASHKINOV VICTOR VLADIMIROVICH,individual,ТАШКИН ВИКТОР ВЛАДИМИРОВИЧ,Not Moscow
150,RU2017119608,VARYUKHIN MAKSIM ANTONOVICH,individual,ВАРЮХИН МАКСИМ АНТОНОВИЧ,Not Moscow
150,RU2017119608,VARYUKHIN MAXIM ANTONOVICH,individual,ВАРЮХИН МАКСИМ АНТОНОВИЧ,Not Moscow
178,RU2017126674,OBSHCHESTVO S OGRANICHENNOJ OTVETSTVENNOSTYU YANDEKS,organisation,ОБЩЕСТВО С ОГРАНИЧЕННОЙ ОТВЕТСТВЕННОСТЬЮ ЯНДЕКС,Not Moscow
178,RU2017126674,YANDEX EUROPE,organisation,ЯНДЕКС ЕВРОПЫ,"Luzern, Швейцария"
188,WORU2017000647,THERMOTILE,organisation,THERMOTILE,Not Moscow
215,RU2017124427,YUGAI EVGENIJ BORISOVICH,individual,ЮГАЙ ЕВГЕНИЙ БОРИСОВИЧ,Not Moscow
215,RU2017124427,YUGAJ EVGENIJ BORISOVICH,individual,ЮГАЙ ЕВГЕНИЙ БОРИСОВИЧ,Not Moscow
216,RU2017126238,OBSCHESTVO S OGRANICHENNOI OTVETSTVENNOSTYU VIDEO,organisation,ОБЩЕСТВО С ОГРАНИЧЕННОЙ ОТВЕТСТВЕННОСТЬЮ ВИДЕО,Not Moscow
216,RU2017126238,OBSHCHESTVO S OGRANICHENNOJ OTVETSTVENNOSTYU VIDEO,organisation,ОБЩЕСТВО С ОГРАНИЧЕННОЙ ОТВЕТСТВЕННОСТЬЮ ВИДЕО,Not Moscow
228,RU2017120996,PUTKO BORIS MIKHAILOVICH,individual,ПУТКО БОРИС МИХАЙЛОВИЧ,Not Moscow
228,RU2017120996,PUTKO BORIS MIKHAJLOVICH,individual,ПУТКО БОРИС МИХАЙЛОВИЧ,Not Moscow
229,"US13/625,814",BAY BRIDGE DECISION TECHNOLOGIES,organisation,РЕШЕНИЕ ТЕХНОЛОГИЙ БЭЙ БРИДЖ ,Not Moscow
229,"US13/625,814",ECHOPASS,organisation,ECHOPASS,Not Moscow
229,"US13/625,814",GENESIS CLOUD,organisation,ОБЛАКО БЫТИЕ ,Not Moscow
229,"US13/625,814",GENESYS TELECOMMUNICATIONS LABORATORIES,organisation,ТЕЛЕКОММУНИКАЦИОННЫЕ ЛАБОРАТОРИИ КОМПАНИИ GENESYS ,Not Moscow
229,"US13/625,814",INTERACTIVE INTELLIGENCE INDIANAPOLIS,organisation,ИНТЕРАКТИВНЫЕ ИНТЕЛЛЕКТ ИНДИАНАПОЛИС,Not Moscow
229,"US13/625,814",TEXT100,organisation,TEXT100,Not Moscow
229,"US13/625,814",UTOPY,organisation,Утопия,Not Moscow
230,RU2017115716,OBSHCHESTVO S OGRANICHENNOJ OTVETSTVENNOSTYU YANDEKS,organisation,ОБЩЕСТВО С ОГРАНИЧЕННОЙ ОТВЕТСТВЕННОСТЬЮ ЯНДЕКС,Not Moscow
230,RU2017115716,YANDEX EUROPE,organisation,ЯНДЕКС ЕВРОПЫ,"Luzern, Швейцария"
253,"US12/823,261",INTEL,organisation,Корпорация Intel,Not Moscow
254,WORU2017000256,CLOSED UP JOINT STOCK,organisation,ЗАКРЫТО АКЦИОНЕРНОЕ ОБЩЕСТВО,Not Moscow
255,EP17188605,AO KASPERSKY LAB,organisation,"АО ""ЛАБОРАТОРИЯ КАСПЕРСКОГО"" ",Moscow
255,EP17188605,AO KASPERSKY LAB AO KASPERSKY LAB,organisation,"АО ""ЛАБОРАТОРИЯ КАСПЕРСКОГО"" АО ""ЛАБОРАТОРИЯ КАСПЕРСКОГО"" ",Moscow
255,EP17188605,KASPERSKY,organisation,Касперского,Moscow
256,EP17193877,AO KASPERSKY LAB,organisation,"АО ""ЛАБОРАТОРИЯ КАСПЕРСКОГО"" ",Moscow
256,EP17193877,AO KASPERSKY LAB AO KASPERSKY LAB,organisation,"АО ""ЛАБОРАТОРИЯ КАСПЕРСКОГО"" АО ""ЛАБОРАТОРИЯ КАСПЕРСКОГО"" ",Moscow
256,EP17193877,KASPERSKY,organisation,Касперского,Moscow
257,EP17196443,AO KASPERSKY LAB,organisation,"АО ""ЛАБОРАТОРИЯ КАСПЕРСКОГО"" ",Moscow
257,EP17196443,AO KASPERSKY LAB AO KASPERSKY LAB,organisation,"АО ""ЛАБОРАТОРИЯ КАСПЕРСКОГО"" АО ""ЛАБОРАТОРИЯ КАСПЕРСКОГО"" ",Moscow
257,EP17196443,KASPERSKY,organisation,Касперского,Moscow
312,RU2017142442,SHILOV VICTOR PETROVICH,individual,ШИЛОВ ВИКТОР ПЕТРОВИЧ,Not Moscow
312,RU2017142442,SHILOV VIKTOR PETROVICH,individual,ШИЛОВ ВИКТОР ПЕТРОВИЧ,Not Moscow
325,RU2017111477,OBSHCHESTVO S OGRANICHENNOJ OTVETSTVENNOSTYU YANDEKS,organisation,ОБЩЕСТВО С ОГРАНИЧЕННОЙ ОТВЕТСТВЕННОСТЬЮ ЯНДЕКС,Not Moscow
325,RU2017111477,YANDEX EUROPE,organisation,ЯНДЕКС ЕВРОПЫ,"Luzern, Швейцария"
326,RU2017111482,OBSHCHESTVO S OGRANICHENNOJ OTVETSTVENNOSTYU YANDEKS,organisation,ОБЩЕСТВО С ОГРАНИЧЕННОЙ ОТВЕТСТВЕННОСТЬЮ ЯНДЕКС,Not Moscow
326,RU2017111482,YANDEX EUROPE,organisation,ЯНДЕКС ЕВРОПЫ,"Luzern, Швейцария"
327,RU2017111481,OBSHCHESTVO S OGRANICHENNOJ OTVETSTVENNOSTYU YANDEKS,organisation,ОБЩЕСТВО С ОГРАНИЧЕННОЙ ОТВЕТСТВЕННОСТЬЮ ЯНДЕКС,Not Moscow
327,RU2017111481,YANDEX EUROPE,organisation,ЯНДЕКС ЕВРОПЫ,"Luzern, Швейцария"
328,RU2017111480,OBSHCHESTVO S OGRANICHENNOJ OTVETSTVENNOSTYU YANDEKS,organisation,ОБЩЕСТВО С ОГРАНИЧЕННОЙ ОТВЕТСТВЕННОСТЬЮ ЯНДЕКС,Not Moscow
328,RU2017111480,YANDEX EUROPE,organisation,ЯНДЕКС ЕВРОПЫ,"Luzern, Швейцария"
338,RU2017118740,ABBYY PRODUCTION,organisation,"ООО ""АБИ ПРОДАКШН""",Moscow
338,RU2017118740,OBSHCHESTVO S OGRANICHENNOJ OTVETSTVENNOSTYU ABI PRODAKSHN,organisation,ОБЩЕСТВО С ОГРАНИЧЕННОЙ ОТВЕТСТВЕННОСТЬЮ АБИ ПРОДАКШН,Not Moscow
348,RU2017111198,KHOZYAINOV BORIS ALEKSEEVICH,individual,ХОЗЯИНОВ БОРИС АЛЕКСЕЕВИЧ,Not Moscow
356,RU2017110870,DVR,organisation,Видеорегистратор,Not Moscow
359,RU2017113743,ARKHANGELSKIJ STANISLAV VLADIMIROVICH,individual,АРХАНГЕЛЬСКИЙ СТАНИСЛАВ ВЛАДИМИРОВИЧ,Not Moscow
384,RU2017128542,AO KASPERSKY LAB,organisation,"АО ""ЛАБОРАТОРИЯ КАСПЕРСКОГО"" ",Moscow
384,RU2017128542,LABORATORIYA KASPERSKOGO,organisation,ЛАБОРАТОРИЯ КАСПЕРСКОГО ,Moscow
387,RU2017128538,AO KASPERSKY LAB,organisation,"АО ""ЛАБОРАТОРИЯ КАСПЕРСКОГО"" ",Moscow
387,RU2017128538,LABORATORIYA KASPERSKOGO,organisation,ЛАБОРАТОРИЯ КАСПЕРСКОГО ,Moscow
392,"US15/818,919",AO KASPERSKY LAB,organisation,"АО ""ЛАБОРАТОРИЯ КАСПЕРСКОГО"" ",Moscow
393,WORU2017000174,QUANTUM SYSTEMS,organisation,КВАНТОВЫХ СИСТЕМ,Not Moscow
394,RU2017109704,QUANTUM SYSTEMS,organisation,КВАНТОВЫХ СИСТЕМ,Not Moscow
395,EP17176099,AO KASPERSKY LAB,organisation,"АО ""ЛАБОРАТОРИЯ КАСПЕРСКОГО"" ",Moscow
395,EP17176099,AO KASPERSKY LAB AO KASPERSKY LAB,organisation,"АО ""ЛАБОРАТОРИЯ КАСПЕРСКОГО"" АО ""ЛАБОРАТОРИЯ КАСПЕРСКОГО"" ",Moscow
395,EP17176099,KASPERSKY,organisation,Касперского,Moscow
397,WORU2017000400,FACEMEN,organisation,FACEMEN,Not Moscow
397,WORU2017000400,OBSHCHESTVO S OGRANICHENNOJ OTVETSTVENNOSTYU NIKITIN,organisation,"ОБЩЕСТВО С ОГРАНИЧЕННОЙ ОТВЕТСТВЕННОСТЬЮ ""НИКИТИН""",Not Moscow
400,RU2017127317,OBSHCHESTVO S OGRANICHENNOJ OTVETSTVENNOSTYU YANDEKS,organisation,ОБЩЕСТВО С ОГРАНИЧЕННОЙ ОТВЕТСТВЕННОСТЬЮ ЯНДЕКС,Not Moscow
400,RU2017127317,YANDEX EUROPE,organisation,ЯНДЕКС ЕВРОПЫ,"Luzern, Швейцария"
401,RU2017111250,OBSHCHESTVO S OGRANICHENNOJ OTVETSTVENNOSTYU YANDEKS,organisation,ОБЩЕСТВО С ОГРАНИЧЕННОЙ ОТВЕТСТВЕННОСТЬЮ ЯНДЕКС,Not Moscow
401,RU2017111250,YANDEX EUROPE,organisation,ЯНДЕКС ЕВРОПЫ,"Luzern, Швейцария"
402,RU2017111279,OBSHCHESTVO S OGRANICHENNOJ OTVETSTVENNOSTYU YANDEKS,organisation,ОБЩЕСТВО С ОГРАНИЧЕННОЙ ОТВЕТСТВЕННОСТЬЮ ЯНДЕКС,Not Moscow
402,RU2017111279,YANDEX EUROPE,organisation,ЯНДЕКС ЕВРОПЫ,"Luzern, Швейцария"
408,RU2017111039,POPOV ALEKSANDR OLEGOVICH,individual,ПОПОВ АЛЕКСАНДР ОЛЕГОВИЧ,Not Moscow
408,RU2017111039,POPOV ALEXANDER OLEGOVICH,individual,ПОПОВ АЛЕКСАНДР ОЛЕГОВИЧ,Not Moscow
410,RU2017129440,OBSHCHESTVO S OGRANICHENNOJ OTVETSTVENNOSTYU RUGIKS RUS,organisation,"RUGIKS ОБЩЕСТВО С ОГРАНИЧЕННОЙ ОТВЕТСТВЕННОСТЬЮ ""РУСЬ""",Not Moscow
410,RU2017129440,UNITED FAСADE COMPANY,organisation,ЕДИНАЯ ФАСАДНАЯ КОМПАНИЯ,Not Moscow
411,RU2017117882,MURATOV MIHAIL VASILEVICH,individual,МУРАТОВ МИХАИЛ ВАСИЛЬЕВИЧ,Not Moscow
450,RU2017130191,OBSHCHESTVO S OGRANICHENNOJ OTVETSTVENNOSTYU ABI PRODAKSHN,organisation,ОБЩЕСТВО С ОГРАНИЧЕННОЙ ОТВЕТСТВЕННОСТЬЮ АБИ ПРОДАКШН,Not Moscow
462,RU2017119737,OBSHCHESTVO S OGRANICHENNOJ OTVETSTVENNOSTYU YANDEKS,organisation,ОБЩЕСТВО С ОГРАНИЧЕННОЙ ОТВЕТСТВЕННОСТЬЮ ЯНДЕКС,Not Moscow
462,RU2017119737,YANDEX EUROPE,organisation,ЯНДЕКС ЕВРОПЫ,"Luzern, Швейцария"
471,WORU2017000124,TOPCON POSITIONING SYSTEMS,organisation,СИСТЕМ КОМПАНИИ TOPCON ПОЗИЦИОНИРОВАНИЯ ,Not Moscow
472,"US15/632,761",GAZPROMNEFT SCIENCE TECHNOLOGY CENTRE,organisation,"НАУЧНО-ТЕХНИЧЕСКОГО ЦЕНТРА ""ГАЗПРОМНЕФТИ"" ",Not Moscow
472,"US15/632,761",IBM,organisation,Компания IBM,Not Moscow
473,CN201710998035,AO KASPERSKY LAB AO KASPERSKY LAB,organisation,"АО ""ЛАБОРАТОРИЯ КАСПЕРСКОГО"" АО ""ЛАБОРАТОРИЯ КАСПЕРСКОГО"" ",Moscow
473,CN201710998035,KASPERSKY,organisation,Касперского,Moscow
474,WORU2017000102,IANS,organisation,Манс,Not Moscow
475,WORU2017000103,COLIBRI,organisation,Колибри,Not Moscow
497,WORU2017000096,OPTIMAL MAN LIABILITY,organisation,ОПТИМАЛЬНЫМ ОТВЕТСТВЕННОСТИ ЧЕЛОВЕКА ,Not Moscow
498,"US15/445,577",INTEL,organisation,Корпорация Intel,Not Moscow
501,RU2017111249,OBSHCHESTVO S OGRANICHENNOJ OTVETSTVENNOSTYU YANDEKS,organisation,ОБЩЕСТВО С ОГРАНИЧЕННОЙ ОТВЕТСТВЕННОСТЬЮ ЯНДЕКС,Not Moscow
501,RU2017111249,YANDEX EUROPE,organisation,ЯНДЕКС ЕВРОПЫ,"Luzern, Швейцария"
516,"US15/700,897",OBSHCHESTVO S OGRANICHENNOJ OTVETSTVENNOSTYU YANDEKS,organisation,ОБЩЕСТВО С ОГРАНИЧЕННОЙ ОТВЕТСТВЕННОСТЬЮ ЯНДЕКС,Not Moscow
516,"US15/700,897",YANDEX EUROPE,organisation,ЯНДЕКС ЕВРОПЫ,"Luzern, Швейцария"
519,RU2017126069,CENTER OF DEVELOPMENT & INTRODUCTION OF INNOVATIVE TECHNOLOGY,organisation,ЦЕНТР РАЗВИТИЯ И ВНЕДРЕНИЯ ИННОВАЦИОННЫХ ТЕХНОЛОГИЙ,Not Moscow
519,RU2017126069,OBSHCHESTVO S OGRANICHENNOJ OTVETSTVENNOSTYU TSENTR RAZRABOTKI I VNEDRENIYA INNOVATSIONNYKH TEKH,organisation,ОБЩЕСТВО С ОГРАНИЧЕННОЙ ОТВЕТСТВЕННОСТЬЮ ЦЕНТР РАЗРАБОТКИ И ВНЕДРЕНИЯ ИННОВАЦИОННЫХ ТЕХ,Not Moscow
529,RU2017121003,OTKRYTOE MEZHGOSUDARSTVENNAYA KORPORATSIYA RAZVITIYA,organisation,КОРПОРАЦИЯ РАЗВИТИЯ MEZHGOSUDARSTVENNAYA ОТКРЫТОЕ ,Not Moscow
546,CN201710833579,AO KASPERSKY LAB,organisation,"АО ""ЛАБОРАТОРИЯ КАСПЕРСКОГО"" ",Moscow
546,CN201710833579,AO KASPERSKY LAB AO KASPERSKY LAB,organisation,"АО ""ЛАБОРАТОРИЯ КАСПЕРСКОГО"" АО ""ЛАБОРАТОРИЯ КАСПЕРСКОГО"" ",Moscow
546,CN201710833579,KASPERSKY,organisation,Касперского,Moscow
547,CN201710451089,AO KASPERSKY LAB,organisation,"АО ""ЛАБОРАТОРИЯ КАСПЕРСКОГО"" ",Moscow
547,CN201710451089,AO KASPERSKY LAB AO KASPERSKY LAB,organisation,"АО ""ЛАБОРАТОРИЯ КАСПЕРСКОГО"" АО ""ЛАБОРАТОРИЯ КАСПЕРСКОГО"" ",Moscow
547,CN201710451089,KASPERSKY,organisation,Касперского,Moscow
548,WORU2017000048,OBSCHESTVO S OGRANICHENNOY OTVETSTVENNOSTYU INTERSOFT,organisation,ОБЩЕСТВО С ОГРАНИЧЕННОЙ ОТВЕТСТВЕННОСТЬЮ ИНТЕРСОФТ,Not Moscow
549,RU2017104135,AO KASPERSKY LAB,organisation,"АО ""ЛАБОРАТОРИЯ КАСПЕРСКОГО"" ",Moscow
549,RU2017104135,LABORATORIYA KASPERSKOGO,organisation,ЛАБОРАТОРИЯ КАСПЕРСКОГО ,Moscow
553,RU2017108770,ABBYY PRODUCTION,organisation,"ООО ""АБИ ПРОДАКШН""",Moscow
553,RU2017108770,OBSHCHESTVO S OGRANICHENNOJ OTVETSTVENNOSTYU ABI PRODAKSHN,organisation,ОБЩЕСТВО С ОГРАНИЧЕННОЙ ОТВЕТСТВЕННОСТЬЮ АБИ ПРОДАКШН,Not Moscow
562,RU2017108359,SHTORM ALEKSEJ VIKTOROVICH,individual,ШТОРМ АЛЕКСЕЙ ВИКТОРОВИЧ,Moscow
562,RU2017108359,STORM ALEXEY VIKTOROVICH,individual,ШТОРМ АЛЕКСЕЙ ВИКТОРОВИЧ,Moscow
565,RU2017116147,RABINOVICH ILYA SAMUILOVICH,individual,РАБИНОВИЧ ИЛЬЯ САМУИЛОВИЧ,Not Moscow
566,RU2017114797,SHTORM ALEKSEJ VIKTOROVICH,individual,ШТОРМ АЛЕКСЕЙ ВИКТОРОВИЧ,Moscow
566,RU2017114797,STORM ALEXEY VIKTOROVICH,individual,ШТОРМ АЛЕКСЕЙ ВИКТОРОВИЧ,Moscow
572,"US15/530,549",KOZKO DMITRY,individual,КОЗЬКО ДМИТРИЙ,Not Moscow
572,"US15/530,549",ONUCHIN IVAN,individual,ОНУЧИН ИВАН,Not Moscow
572,"US15/530,549",SHTURKIN NIKOLAY,individual,ШТОРКИН НИКОЛАЙ,Not Moscow
578,RU2017118756,ABBYY PRODUCTION,organisation,"ООО ""АБИ ПРОДАКШН""",Moscow
578,RU2017118756,OBSHCHESTVO S OGRANICHENNOJ OTVETSTVENNOSTYU ABI PRODAKSHN,organisation,ОБЩЕСТВО С ОГРАНИЧЕННОЙ ОТВЕТСТВЕННОСТЬЮ АБИ ПРОДАКШН,Not Moscow
580,RU2017130218,ZAKRYTOE PROMINZHINIRING,organisation,ЗАО ПРОМИНЖИНИРИНГ,Not Moscow
583,RU2017130192,OBSHCHESTVO S OGRANICHENNOJ OTVETSTVENNOSTYU ABI PRODAKSHN,organisation,ОБЩЕСТВО С ОГРАНИЧЕННОЙ ОТВЕТСТВЕННОСТЬЮ АБИ ПРОДАКШН,Not Moscow
596,RU2017121957,VALPA MAKSIM OLEGOVICH,individual,ВАЛьПА МАКСИМ ОЛЕГОВИЧ,Not Moscow
617,WORU2017050085,SONOGRAM,organisation,Сонограмма,Not Moscow
618,"US15/811,941",TOPCON POSITIONING SYSTEMS,organisation,СИСТЕМ КОМПАНИИ TOPCON ПОЗИЦИОНИРОВАНИЯ ,Not Moscow
625,RU2017130217,ZAKRYTOE PROMINZHINIRING,organisation,ЗАО ПРОМИНЖИНИРИНГ,Not Moscow
656,RU2017127368,SHUDA ANDREJ IVANOVICH,individual,ШУДА АНДРЕЙ ИВАНОВИЧ,Not Moscow
656,RU2017127368,SHUDA ANDREY IVANOVICH,individual,ШУДА АНДРЕЙ ИВАНОВИЧ,Not Moscow
663,RU2017104134,AO KASPERSKY LAB,organisation,"АО ""ЛАБОРАТОРИЯ КАСПЕРСКОГО"" ",Moscow
663,RU2017104134,LABORATORIYA KASPERSKOGO,organisation,ЛАБОРАТОРИЯ КАСПЕРСКОГО ,Moscow
666,RU2017130308,OBSHCHESTVO S OGRANICHENNOJ OTVETSTVENNOSTYU ABI PRODAKSHN,organisation,ОБЩЕСТВО С ОГРАНИЧЕННОЙ ОТВЕТСТВЕННОСТЬЮ АБИ ПРОДАКШН,Not Moscow
667,RU2017128537,AO KASPERSKY LAB,organisation,"АО ""ЛАБОРАТОРИЯ КАСПЕРСКОГО"" ",Moscow
667,RU2017128537,LABORATORIYA KASPERSKOGO,organisation,ЛАБОРАТОРИЯ КАСПЕРСКОГО ,Moscow
675,RU2017129267,AO KASPERSKY LAB,organisation,"АО ""ЛАБОРАТОРИЯ КАСПЕРСКОГО"" ",Moscow
675,RU2017129267,LABORATORIYA KASPERSKOGO,organisation,ЛАБОРАТОРИЯ КАСПЕРСКОГО ,Moscow
676,RU2017123996,REDKOKASHIN ILYA VLADIMIROVICH,individual,РЭДКОКАШИН ИЛЬЯ ВЛАДИМИРОВИЧ,Not Moscow
681,RU2017103167,FEDERALNOE GOSUDARSTVENNOE AVTONOMNOE OBRAZOVATELNOE UCHREZHDENIE VYSSHEGO OBRAZOVANIYA NATSIONALNYJ ISSLEDOVATELSKIJ TOMSKIJ GOSUDARSTVENNYJ UNIVERSITET,organisation,ФЕДЕРАЛЬНОЕ ГОСУДАРСТВЕННОЕ АВТОНОМНОЕ ОБРАЗОВАТЕЛЬНОЕ УЧРЕЖДЕНИЕ ВЫСШЕГО ОБРАЗОВАНИЯ НАЦИОНАЛЬНЫЙ ISSLEDOVATELSKIJ TOMSKIJ САНКТ-УНИВЕРСИТЕТ,Not Moscow
681,RU2017103167,NATIONAL UNIVERSITY OF SCIENCE & TECHNOLOGY MISIS,organisation,НАЦИОНАЛЬНЫЙ УНИВЕРСИТЕТ НАУКИ И ТЕХНОЛОГИИ МИСИС,Not Moscow
687,RU2017101441,OBSCHESTVO S OGRANICHENNOI OTVETSTVENNOSTYU SOLIDSOFT,organisation,ОБЩЕСТВО С ОГРАНИЧЕННОЙ ОТВЕТСТВЕННОСТЬЮ SOLIDSOFT,Not Moscow
687,RU2017101441,OBSHCHESTVO S OGRANICHENNOJ OTVETSTVENNOSTYU SOLIDSOFT,organisation,ОБЩЕСТВО С ОГРАНИЧЕННОЙ ОТВЕТСТВЕННОСТЬЮ SOLIDSOFT,Not Moscow
688,RU2017127726,OBSCHESTVO S OGRANICHENNOJ OTVETSTVENNOSTYU GLODUS,organisation,ОБЩЕСТВО С ОГРАНИЧЕННОЙ ОТВЕТСТВЕННОСТЬЮ GLODUS,Not Moscow
710,RU2017120555,LANDIGRAD,organisation,LANDIGRAD,Not Moscow
710,RU2017120555,LANDIGRAD LIABILITY,organisation,LANDIGRAD ОГРАНИЧЕННОЙ ОТВЕТСТВЕННОСТЬЮ,Not Moscow
710,RU2017120555,OBSHCHESTVO S OGRANICHENNOJ OTVETSTVENNOSTYU LENDIGRAD,organisation,ОБЩЕСТВО LENDIGRAD С ОГРАНИЧЕННОЙ ОТВЕТСТВЕННОСТЬЮ ,Not Moscow
710,RU2017120555,RANDY GRAD LIABILITY,individual,RANDY GRAD ОТВЕТСТВЕННОСТЬ,Not Moscow
710,RU2017120555,SERGEI NIKOLAYEVICH SMIRNOV,individual,СЕРГЕЙ НИКОЛАЕВИЧ СМИРНОВ,Not Moscow
713,TW106217032U,OBSHCHESTVO S OGRANICHENNOJ OTVETSTVENNOSTYU YANDEKS,organisation,ОБЩЕСТВО С ОГРАНИЧЕННОЙ ОТВЕТСТВЕННОСТЬЮ ЯНДЕКС,Not Moscow
713,TW106217032U,YANDEX,organisation,Яндекс,Not Moscow
713,TW106217032U,YANDEX EUROPE,organisation,ЯНДЕКС ЕВРОПЫ,"Luzern, Швейцария"
714,RU2017103383,OGANESYAN MAKSIM SAMVELOVICH,individual,ОГАНЕСЯН МАКСИМ САМВЕЛОВИЧ,Not Moscow
715,RU2017111278,OBSHCHESTVO S OGRANICHENNOJ OTVETSTVENNOSTYU YANDEKS,organisation,ОБЩЕСТВО С ОГРАНИЧЕННОЙ ОТВЕТСТВЕННОСТЬЮ ЯНДЕКС,Not Moscow
715,RU2017111278,YANDEX EUROPE,organisation,ЯНДЕКС ЕВРОПЫ,"Luzern, Швейцария"
720,RU2017109665,OBSCHESTVO S OGRANICHENNOY OTVETSTVENNOSTIYU BUBUKA,organisation,ОБЩЕСТВО С ОГРАНИЧЕННОЙ OTVETSTVENNOSTIYU САЙТ BUBUKA ,Not Moscow
720,RU2017109665,OBSHCHESTVO S OGRANICHENNOJ OTVETSTVENNOSTYU BUBUKA,organisation,САЙТ BUBUKA ОБЩЕСТВО С ОГРАНИЧЕННОЙ ОТВЕТСТВЕННОСТЬЮ ,Not Moscow
721,RU2017119994,OTKRYTOE ROSSIJSKIE ZHELEZNYE DOROGI,organisation,РОССИЙСКИЕ ЖЕЛЕЗНЫЕ ДОРОГИ ОТКРЫТОЕ,Not Moscow
722,RU2017120011,OTKRYTOE ROSSIJSKIE ZHELEZNYE DOROGI,organisation,РОССИЙСКИЕ ЖЕЛЕЗНЫЕ ДОРОГИ ОТКРЫТОЕ,Not Moscow
733,WOUS2017069063,WAVIOT INTEGRATED SYSTEMS,organisation,ИНТЕГРИРОВАННЫЕ СИСТЕМЫ WAVIOT ,Not Moscow
734,WORU2017000946,JSC «EUROSIBENERGO»,organisation,ОАО «ЕВРОСИБЭНЕРГО»,Not Moscow
735,RU2016152252,IANS,organisation,Манс,Not Moscow
735,RU2016152252,KONTSERN VOZDUSHNO KOSMICHESKOJ OBORONY ALMAZ ANTEJ,organisation,КОНЦЕРН ВОЗДУШНО КОСМИЧЕСКОЙ ОБОРОНЫ АЛМАЗ АНТЕЙ,Not Moscow
736,WOUS2017069083,WAVIOT INTEGRATED SYSTEMS,organisation,ИНТЕГРИРОВАННЫЕ СИСТЕМЫ WAVIOT ,Not Moscow
737,"US15/854,298",INTERNATIONAL CENTER FOR QUANTUM OPTICS & QUANTUM TECHNOLOGIES,organisation,МЕЖДУНАРОДНЫЙ ЦЕНТР КВАНТОВОЙ ОПТИКИ И КВАНТОВЫЕ ТЕХНОЛОГИИ,Not Moscow
737,"US15/854,298",OBSHCHESTVO S OGRANICHENNOJ OTVETSTVENNOSTYU MEZHDUNARODNYJ TSENTR KVANTOVOJ OPTIKI I KVANTOVYKH TEK,organisation,ОБЩЕСТВО С ОГРАНИЧЕННОЙ ОТВЕТСТВЕННОСТЬЮ МЕЖДУНАРОДНЫЙ ЦЕНТР KVANTOVOJ ОПТИКИ И КВАНТОВЫХ ТЭК,Not Moscow
738,"US15/858,769",WAVIOT INTEGRATED SYSTEMS,organisation,ИНТЕГРИРОВАННЫЕ СИСТЕМЫ WAVIOT ,Not Moscow
739,EP17211249,INTEL,organisation,Корпорация Intel,Not Moscow
740,EP17203929,INTEL,organisation,Корпорация Intel,Not Moscow
741,RU2016152428,OBSHCHESTVO S OGRANICHENNOJ OTVETSTVENNOSTYU TRAST,organisation,ОБЩЕСТВО С ОГРАНИЧЕННОЙ ОТВЕТСТВЕННОСТЬЮ ТРАСТ,Not Moscow
741,RU2016152428,TRUST,organisation,Доверие,Not Moscow
744,RU2016152562,AO NORMA ENERGOINVEST,organisation,"НОРМА АО ""ЭНЕРГОИНВЕСТ""",Not Moscow
744,RU2016152562,NORMA ENERGOINVEST,organisation,НОРМА-ЭНЕРГОИНВЕСТ,Not Moscow
766,RU2017127660,OBSHCHESTVO S OGRANICHENNOJ OTVETSTVENNOSTYU RSK LABS OOO RSK LABS,organisation,ОБЩЕСТВО С ОГРАНИЧЕННОЙ ОТВЕТСТВЕННОСТЬЮ ЛАБОРАТОРИЯХ РСК ООО РСК ЛАБОРАТОРИИ,Not Moscow
766,RU2017127660,RSC LABS,organisation,ЛАБОРАТОРИИ ОСК ,Not Moscow
770,WORU2017000611,IANS,organisation,Манс,Not Moscow
771,RU2016150614,RUMYANTSEV KONSTANTIN,individual,РУМЯНЦЕВ КОНСТАНТИН,Not Moscow
771,RU2016150614,RUMYANTSEV KONSTANTIN EDUARDOVICH,individual,РУМЯНЦЕВ КОНСТАНТИН ЭДУАРДОВИЧ,Not Moscow
772,WORU2017050054,OBSCHESTVO S OGRANICHENNOI OTVETSTVENNOSTYU NAUCHNO ISSLEDOVATELSKY TSENTR PROSOFT SISTEMY,organisation,ОБЩЕСТВО С ОГРАНИЧЕННОЙ ОТВЕТСТВЕННОСТЬЮ НАУЧНО ИССЛЕДОВАТЕЛЬСКИЙ ЦЕНТР ПРОСОФТ СИСТЕМЫ,Not Moscow
772,WORU2017050054,OBSCHESTVO S OGRANICHENNOI OTVETSTVENNOSTYU NAUCHNOISSLEDOVATELSKY TSENTR PROSOFTSISTEMY,organisation,ОБЩЕСТВО NAUCHNOISSLEDOVATELSKY С ОГРАНИЧЕННОЙ ОТВЕТСТВЕННОСТЬЮ ЦЕНТР PROSOFTSISTEMY,Not Moscow
809,RU2017114104,BEKENEV MAKSIM VITALEVICH,individual,БЕКЕНЕВ МАКСИМ ВИТАЛЕВИЧ,Not Moscow
809,RU2017114104,BEKENEV MAKSIM VITALYEVICH,individual,БЕКЕНЕВ МАКСИМ ВИТАЛЬЕВИЧ,Not Moscow
835,RU2017123756,USHAKOV ALEKSEJ LEONIDOVICH,individual,УШАКОВ АЛЕКСЕЙ ЛЕОНИДОВИЧ,Not Moscow
835,RU2017123756,USHAKOV ALEXEY LEONIDOVICH,individual,УШАКОВ АЛЕКСЕЙ ЛЕОНИДОВИЧ,Not Moscow
841,RU2016149603,STARODUBTSEV VALERIJ IVANOVICH,individual,СТАРОДУБЦЕВ ВАЛЕРИЙ ИВАНОВИЧ,Not Moscow
841,RU2016149603,STARODUBTSEV VALERIY IVANOVICH,individual,СТАРОДУБЦЕВ ВАЛЕРИЙ ИВАНОВИЧ,Not Moscow
842,EP17188265,AO KASPERSKY LAB,organisation,"АО ""ЛАБОРАТОРИЯ КАСПЕРСКОГО"" ",Moscow
842,EP17188265,KASPERSKY,organisation,Касперского,Moscow
843,EP17176091,AO KASPERSKY LAB,organisation,"АО ""ЛАБОРАТОРИЯ КАСПЕРСКОГО"" ",Moscow
843,EP17176091,AO KASPERSKY LAB AO KASPERSKY LAB,organisation,"АО ""ЛАБОРАТОРИЯ КАСПЕРСКОГО"" АО ""ЛАБОРАТОРИЯ КАСПЕРСКОГО"" ",Moscow
843,EP17176091,KASPERSKY,organisation,Касперского,Moscow
844,EP17176115,AO KASPERSKY LAB,organisation,"АО ""ЛАБОРАТОРИЯ КАСПЕРСКОГО"" ",Moscow
844,EP17176115,AO KASPERSKY LAB AO KASPERSKY LAB,organisation,"АО ""ЛАБОРАТОРИЯ КАСПЕРСКОГО"" АО ""ЛАБОРАТОРИЯ КАСПЕРСКОГО"" ",Moscow
844,EP17176115,KASPERSKY,organisation,Касперского,Moscow
845,EP17187875,AO KASPERSKY LAB AO KASPERSKY LAB,organisation,"АО ""ЛАБОРАТОРИЯ КАСПЕРСКОГО"" АО ""ЛАБОРАТОРИЯ КАСПЕРСКОГО"" ",Moscow
845,EP17187875,KASPERSKY,organisation,Касперского,Moscow
846,RU2016146176,EZHKOV ALEKSANDR VIKTOROVICH,individual,ЕЖКОВ АЛЕКСАНДР ВИКТОРОВИЧ,Not Moscow
846,RU2016146176,EZHKOV ALEXANDER VIKTOROVICH,individual,ЕЖКОВ АЛЕКСАНДР ВИКТОРОВИЧ,Not Moscow
847,RU2016147668,OBSHCHESTVO S OGRANICHENNOJ OTVETSTVENNOSTYU YANDEKS,organisation,ОБЩЕСТВО С ОГРАНИЧЕННОЙ ОТВЕТСТВЕННОСТЬЮ ЯНДЕКС,Not Moscow
847,RU2016147668,YANDEX EUROPE,organisation,ЯНДЕКС ЕВРОПЫ,"Luzern, Швейцария"
854,RU2017121123,AO KASPERSKY LAB,organisation,"АО ""ЛАБОРАТОРИЯ КАСПЕРСКОГО"" ",Moscow
854,RU2017121123,LABORATORIYA KASPERSKOGO,organisation,ЛАБОРАТОРИЯ КАСПЕРСКОГО ,Moscow
889,EP17150368,SHCHUKIN ANTON ALEXANDROVICH,individual,ЩУКИН АНТОН АЛЕКСАНДРОВИЧ,Not Moscow
907,RU2016147556,BELOMOEV FEDOR VALENTINOVICH,individual,БЕЛОМОЕВ ФЕДОР ВАЛЕНТИНОВИЧ,Not Moscow
908,RU2017115459,FEDERALNOE GOSUDARSTVENNOE BYUDZHETNOE OBRAZOVATELNOE UCHREZHDENIE VYSSHEGO OBRAZOVANIYA SARATOVSKIJ GOSUDARSTVENNYJ AGRARNYJ UNIVERSITET IMENI N I VAVILOVA,organisation,ФЕДЕРАЛЬНОЕ ГОСУДАРСТВЕННОЕ БЮДЖЕТНОЕ ОБРАЗОВАТЕЛЬНОЕ УЧРЕЖДЕНИЕ ВЫСШЕГО ОБРАЗОВАНИЯ САНКТ-SARATOVSKIJ АГРАРНЫЙ УНИВЕРСИТЕТ ИМЕНИ Н И ВАВИЛОВА,Not Moscow
921,RU2016148487,AO KASPERSKY LAB,organisation,"АО ""ЛАБОРАТОРИЯ КАСПЕРСКОГО"" ",Moscow
921,RU2016148487,LABORATORIYA KASPERSKOGO,organisation,ЛАБОРАТОРИЯ КАСПЕРСКОГО ,Moscow
922,WORU2017000609,IANS,organisation,Манс,Not Moscow
923,RU2016143765,ELIDA,organisation,Элида,Not Moscow
923,RU2016143765,OOO ELIDA,organisation,ООО ЭЛИДА,Not Moscow
930,RU2017118749,ABBYY PRODUCTION,organisation,"ООО ""АБИ ПРОДАКШН""",Moscow
930,RU2017118749,OBSHCHESTVO S OGRANICHENNOJ OTVETSTVENNOSTYU ABI DEVELOPMENT,organisation,ОБЩЕСТВО С ОГРАНИЧЕННОЙ ОТВЕТСТВЕННОСТЬЮ АБИ РАЗВИТИЯ,Not Moscow
934,RU2017125330,AO KASPERSKY LAB,organisation,"АО ""ЛАБОРАТОРИЯ КАСПЕРСКОГО"" ",Moscow
934,RU2017125330,LABORATORIYA KASPERSKOGO,organisation,ЛАБОРАТОРИЯ КАСПЕРСКОГО ,Moscow
954,RU2017106682,SHTORM ALEKSEJ VIKTOROVICH,individual,ШТОРМ АЛЕКСЕЙ ВИКТОРОВИЧ,Moscow
954,RU2017106682,STORM ALEXEY VIKTOROVICH,individual,ШТОРМ АЛЕКСЕЙ ВИКТОРОВИЧ,Moscow
955,RU2017115050,AO KASPERSKY LAB,organisation,"АО ""ЛАБОРАТОРИЯ КАСПЕРСКОГО"" ",Moscow
955,RU2017115050,AO LABORATORIYA KASPERSKOGO,organisation,АО ЛАБОРАТОРИЯ КАСПЕРСКОГО ,Moscow
956,RU2017115052,AO KASPERSKY LAB,organisation,"АО ""ЛАБОРАТОРИЯ КАСПЕРСКОГО"" ",Moscow
956,RU2017115052,LABORATORIYA KASPERSKOGO,organisation,ЛАБОРАТОРИЯ КАСПЕРСКОГО ,Moscow
961,RU2016146545,OBSHCHESTVO S OGRANICHENNOJ OTVETSTVENNOSTYU YANDEKS,organisation,ОБЩЕСТВО С ОГРАНИЧЕННОЙ ОТВЕТСТВЕННОСТЬЮ ЯНДЕКС,Not Moscow
961,RU2016146545,YANDEX EUROPE,organisation,ЯНДЕКС ЕВРОПЫ,"Luzern, Швейцария"
963,RU2017121120,AO KASPERSKY LAB,organisation,"АО ""ЛАБОРАТОРИЯ КАСПЕРСКОГО"" ",Moscow
963,RU2017121120,LABORATORIYA KASPERSKOGO,organisation,ЛАБОРАТОРИЯ КАСПЕРСКОГО ,Moscow
967,RU2017129379,KIM VALENTIN LVOVICH,individual,КИМ ВАЛЕНТИН ЛЬВОВИЧ,Not Moscow
988,RU2016142505,OBSHCHESTVO S OGRANICHENNOJ OTVETSTVENNOSTYU PIRF OOO PIRF,organisation,ОБЩЕСТВО С ОГРАНИЧЕННОЙ ОТВЕТСТВЕННОСТЬЮ PIRF ООО PIRF,Not Moscow
988,RU2016142505,PEERF,organisation,PEERF,Not Moscow
989,"US15/298,893",IBM,organisation,Компания IBM,Not Moscow
989,"US15/298,893",Â«GAZPROMNEFT SCIENCE & TECHNOLOGY CENTREÂ»,organisation,Â«ГАЗПРОМНЕФТЬ НАУКА И ТЕХНОЛОГИИ CENTREÂ»,Not Moscow
996,RU2017109115,SEMENOV ALEKSEJ PETROVICH,individual,СЕМЕНОВ АЛЕКСЕЙ ПЕТРОВИЧ,Not Moscow
1005,RU2017120730,CENTER OF DEVELOPMENT & INTRODUCTION OF INNOVATIVE TECHNOLOGY,organisation,ЦЕНТР РАЗВИТИЯ И ВНЕДРЕНИЯ ИННОВАЦИОННЫХ ТЕХНОЛОГИЙ,Not Moscow
1005,RU2017120730,OBSHCHESTVO S OGRANICHENNOJ OTVETSTVENNOSTYU TSENTR RAZRABOTKI I VNEDRENIYA INNOVATSIONNYKH TEKH,organisation,ОБЩЕСТВО С ОГРАНИЧЕННОЙ ОТВЕТСТВЕННОСТЬЮ ЦЕНТР РАЗРАБОТКИ И ВНЕДРЕНИЯ ИННОВАЦИОННЫХ ТЕХ,Not Moscow
1007,RU2017109812,AO KASPERSKY LAB,organisation,"АО ""ЛАБОРАТОРИЯ КАСПЕРСКОГО"" ",Moscow
1007,RU2017109812,LABORATORIYA KASPERSKOGO,organisation,ЛАБОРАТОРИЯ КАСПЕРСКОГО ,Moscow
1017,RU2016147741,IANS,organisation,Манс,Not Moscow
1017,RU2016147741,ROTEK AO ROTEK,organisation,РОТЕК АО РОТЕК,Not Moscow
1025,RU2017115047,AO KASPERSKY LAB,organisation,"АО ""ЛАБОРАТОРИЯ КАСПЕРСКОГО"" ",Moscow
1025,RU2017115047,LABORATORIYA KASPERSKOGO,organisation,ЛАБОРАТОРИЯ КАСПЕРСКОГО ,Moscow
1040,RU2017112375,CROCUS NANO ELECTRONICS CROCUS NANO ELECTRONICS,organisation,КРОКУС НАНОЭЛЕКТРОНИКА КРОКУС НАНОЭЛЕКТРОНИКА,Not Moscow
1040,RU2017112375,OBSHCHESTVO S OGRANICHENNOJ OTVETSTVENNOSTYU KROKUS NANOELEKTRONIKA,organisation,ОБЩЕСТВО С ОГРАНИЧЕННОЙ ОТВЕТСТВЕННОСТЬЮ КРОКУС НАНОЭЛЕКТРОНИКА ,Not Moscow
1044,EP17176269,AO KASPERSKY LAB,organisation,"АО ""ЛАБОРАТОРИЯ КАСПЕРСКОГО"" ",Moscow
1044,EP17176269,KASPERSKY,organisation,Касперского,Moscow
1045,EP17176228,AO KASPERSKY LAB,organisation,"АО ""ЛАБОРАТОРИЯ КАСПЕРСКОГО"" ",Moscow
1045,EP17176228,AO KASPERSKY LAB AO KASPERSKY LAB,organisation,"АО ""ЛАБОРАТОРИЯ КАСПЕРСКОГО"" АО ""ЛАБОРАТОРИЯ КАСПЕРСКОГО"" ",Moscow
1045,EP17176228,KASPERSKY,organisation,Касперского,Moscow
1046,WORU2017000732,INSENSYS,organisation,INSENSYS,Not Moscow
1057,RU2017123437,SHTORM ALEKSEJ VIKTOROVICH,individual,ШТОРМ АЛЕКСЕЙ ВИКТОРОВИЧ,Moscow
1057,RU2017123437,STORM ALEXEY VIKTOROVICH,individual,ШТОРМ АЛЕКСЕЙ ВИКТОРОВИЧ,Moscow
1059,RU2016152500,OBSHCHESTVO S OGRANICHENNOJ OTVETSTVENNOSTYU NAUCHNO PROIZVODSTVENNOE PREDPRIYATIE AVTOM S OOO NPP A,organisation,"ОБЩЕСТВО С ОГРАНИЧЕННОЙ ОТВЕТСТВЕННОСТЬЮ НАУЧНО ПРОИЗВОДСТВЕННОЕ ПРЕДПРИЯТИЕ ""АВТОМ"" С ООО АЭС",Not Moscow
1059,RU2016152500,RESEARCH & PRODUCTION ENTERPRISE AUTOMATIKA S LIABILITY,organisation,НАУЧНО-ПРОИЗВОДСТВЕННОЕ ПРЕДПРИЯТИЕ АВТОМАТИКА С ОГРАНИЧЕННОЙ ОТВЕТСТВЕННОСТЬЮ ,Not Moscow
1060,WOUS2017049499,INTEL,organisation,Корпорация Intel,Not Moscow
1061,RU2016136059,INFORMATSIONNYE SPUTNIKOVYE SISTEMY IMENI AKADEMIKA M F RESHETNEVA,organisation,ИНФОРМАЦИОННЫЕ СПУТНИКОВЫЕ СИСТЕМЫ ИМЕНИ АКАДЕМИКА М Ф РЕШЕТНЕВА,Not Moscow
1062,RU2017106867,OBSCHESTVO S OGRANICHENNOI OTVETSTVENNOSTYU RELATION RATE,organisation,ОБЩЕСТВО СТАВКЕ ОГРАНИЧЕННОЙ СВЯЗИ С ОТВЕТСТВЕННОСТЬЮ ,Not Moscow
1062,RU2017106867,OBSHCHESTVO S OGRANICHENNOJ OTVETSTVENNOSTYU RILEJSHN REJT,organisation,ОБЩЕСТВО С ОГРАНИЧЕННОЙ ОТВЕТСТВЕННОСТЬЮ RILEJSHN РЕЙТ,Not Moscow
1071,RU2017110817,OBSCHESTVO S OGRANICHENNOI OTVETSTVENNOSTYU ZABOTLIVYJ GOROD,individual,ОБЩЕСТВО С ОГРАНИЧЕННОЙ ОТВЕТСТВЕННОСТЬЮ ЗАБОТЛИВЫЙ ГОРОД,Not Moscow
1071,RU2017110817,OBSHCHESTVO S OGRANICHENNOJ OTVETSTVENNOSTYU ZABOTLIVYJ GOROD,organisation,ZABOTLIVYJ ОБЩЕСТВО С ОГРАНИЧЕННОЙ ОТВЕТСТВЕННОСТЬЮ ГОРОД,Not Moscow
1083,RU2017102333,AKCIONERNOE OBSHCHESTVO KROSS TEKHNOLODZHIS,organisation,АКЦИОНЕРНОЕ ОБЩЕСТВО КРОСС ТЕХНОЛОДЖИС,Not Moscow
1083,RU2017102333,KROSS TEKHNOLODZHIS,individual,КРОСС ТЕХНОЛОДЖИС,Not Moscow
1090,RU2016152342,AKCIONERNOE OBSHCHESTVO «MEDICINSKIE TEKH LTD» АО «MTL»,organisation,АКЦИОНЕРНОЕ ОБЩЕСТВО «МЕДИЦИНСКИЕ ТЕХ ЛТД» АО «МТЛ»,Not Moscow
1090,RU2016152342,OBSHCHESTVO S OGRANICHENNOJ OTVETSTVENNOSTYU NAUCHNO TEKHNICHESKIJ TSENTR MT OOO NTTS,organisation,"ОБЩЕСТВО С ОГРАНИЧЕННОЙ ОТВЕТСТВЕННОСТЬЮ НАУЧНО TEKHNICHESKIJ ЦЕНТР МТ ООО ""НТЦ""",Not Moscow
1090,RU2016152342,OBSHCHESTVO S OGRANICHENNOJ OTVETSTVENNOSTYU «NAUCHNO TEKHNICHESKIJ CENTR «MT»,organisation,ОБЩЕСТВО С ОГРАНИЧЕННОЙ ОТВЕТСТВЕННОСТЬЮ «НАУЧНО TEKHNICHESKIJ ЦЕНТР «МТ»,Not Moscow
1094,RU2016138012,GUARDIAN GLASS,organisation,ГАРДИАН СТЕКЛО,Not Moscow
1094,RU2016138012,GUARDIAN STEKLO SERVICES,organisation,УСЛУГ СТЕКЛО ГАРДИАН ,Not Moscow
1095,"US15/606,162",OBSHCHESTVO S OGRANICHENNOJ OTVETSTVENNOSTYU YANDEKS,organisation,ОБЩЕСТВО С ОГРАНИЧЕННОЙ ОТВЕТСТВЕННОСТЬЮ ЯНДЕКС,Not Moscow
1095,"US15/606,162",YANDEX,organisation,Яндекс,Not Moscow
1095,"US15/606,162",YANDEX EUROPE,organisation,ЯНДЕКС ЕВРОПЫ,"Luzern, Швейцария"
1096,RU2016137183,DAVYDOV ALEKSANDR YUREVICH,individual,ДАВЫДОВ АЛЕКСАНДР ЮРЬЕВИЧ,Not Moscow
1103,RU2016150631,ABBYY PRODUCTION,organisation,"ООО ""АБИ ПРОДАКШН""",Moscow
1103,RU2016150631,OBSHCHESTVO S OGRANICHENNOJ OTVETSTVENNOSTYU ABI PRODAKSHN,organisation,ОБЩЕСТВО С ОГРАНИЧЕННОЙ ОТВЕТСТВЕННОСТЬЮ АБИ ПРОДАКШН,Not Moscow
1118,RU2016138753,GALKO VLADIMIR IVANOVICH,individual,ГАЛЬКО ВЛАДИМИР ИВАНОВИЧ,Not Moscow
1120,RU2016136413,OBSHCHESTVO S OGRANICHENNOJ OTVETSTVENNOSTYU YANDEKS,organisation,ОБЩЕСТВО С ОГРАНИЧЕННОЙ ОТВЕТСТВЕННОСТЬЮ ЯНДЕКС,Not Moscow
1120,RU2016136413,YANDEX EUROPE,organisation,ЯНДЕКС ЕВРОПЫ,"Luzern, Швейцария"
1121,RU2017101059,SHTORM ALEKSEJ VIKTOROVICH,individual,ШТОРМ АЛЕКСЕЙ ВИКТОРОВИЧ,Moscow
1121,RU2017101059,STORM ALEXEY VIKTOROVICH,individual,ШТОРМ АЛЕКСЕЙ ВИКТОРОВИЧ,Moscow
1123,"US15/437,828",AO KASPERSKY LAB,organisation,"АО ""ЛАБОРАТОРИЯ КАСПЕРСКОГО"" ",Moscow
1123,"US15/437,828",LABORATORIYA KASPERSKOGO,organisation,ЛАБОРАТОРИЯ КАСПЕРСКОГО ,Moscow
1124,"US15/691,322",SESSION,organisation,Сессии,Not Moscow
1124,"US15/691,322",SESSION LIABILITY,organisation,ОТВЕТСТВЕННОСТЬ СЕССИИ ,Not Moscow
1135,RU2017106048,OBSHCHESTVO S OGRANICHENNOJ OTVETSTVENNOSTYU SMART ENDZHINS SERVIS,organisation,ЭНДЖИНС ОБЩЕСТВО С ОГРАНИЧЕННОЙ ОТВЕТСТВЕННОСТЬЮ СМАРТ-СЕРВИС,Not Moscow
1135,RU2017106048,SMART ENGINES SERVICE,organisation,СЕРВИС SMART ДВИГАТЕЛЕЙ ,Not Moscow
1137,RU2017118753,ABBYY PRODUCTION,organisation,"ООО ""АБИ ПРОДАКШН""",Moscow
1137,RU2017118753,OBSHCHESTVO S OGRANICHENNOJ OTVETSTVENNOSTYU ABI DEVELOPMENT,organisation,ОБЩЕСТВО С ОГРАНИЧЕННОЙ ОТВЕТСТВЕННОСТЬЮ АБИ РАЗВИТИЯ,Not Moscow
1138,RU2017110995,FEDOSOVA NATALIJA BORISOVNA,individual,ФЕДОСОВА НАТАЛИЯ БОРИСОВНА,Not Moscow
1139,RU2016132857,REMAGE RUS,organisation,REMAGE РУС,Not Moscow
1141,"US15/606,190",OBSHCHESTVO S OGRANICHENNOJ OTVETSTVENNOSTYU YANDEKS,organisation,ОБЩЕСТВО С ОГРАНИЧЕННОЙ ОТВЕТСТВЕННОСТЬЮ ЯНДЕКС,Not Moscow
1141,"US15/606,190",YANDEX,organisation,Яндекс,Not Moscow
1141,"US15/606,190",YANDEX EUROPE,organisation,ЯНДЕКС ЕВРОПЫ,"Luzern, Швейцария"
1142,WOUS2017044578,DANYLEVYCH DIMA,individual,ДАНИЛЕВИЧ ДИМА,Not Moscow
1143,RU2016139411,OBSCHESTVO S OGRANICHENNOI OTVETSTVENNOSTYU STREAM LABS,organisation,ОБЩЕСТВО С ОГРАНИЧЕННОЙ ОТВЕТСТВЕННОСТЬЮ СТРИМ ЛАБС ,Not Moscow
1143,RU2016139411,OBSHCHESTVO S OGRANICHENNOJ OTVETSTVENNOSTYU STRIM LABS,organisation,ОБЩЕСТВО С ОГРАНИЧЕННОЙ ОТВЕТСТВЕННОСТЬЮ СТРИМ ЛАБС ,Not Moscow
1144,"US15/224,289",NTECH LAB,organisation,ЛАБОРАТОРИИ NTECH ,Not Moscow
1144,"US15/224,289",OBSCHESTVO S OGRANICHENNOY OTVETSTVENNOSTIYU NTECH LAB,organisation,ЛАБОРАТОРИЯ ОБЩЕСТВО С ОГРАНИЧЕННОЙ OTVETSTVENNOSTIYU NTECH ,Not Moscow
1145,EP17176071,AO KASPERSKY LAB AO KASPERSKY LAB,organisation,"АО ""ЛАБОРАТОРИЯ КАСПЕРСКОГО"" АО ""ЛАБОРАТОРИЯ КАСПЕРСКОГО"" ",Moscow
1145,EP17176071,KASPERSKY,organisation,Касперского,Moscow
1146,EP17154001,AO KASPERSKY LAB AO KASPERSKY LAB,organisation,"АО ""ЛАБОРАТОРИЯ КАСПЕРСКОГО"" АО ""ЛАБОРАТОРИЯ КАСПЕРСКОГО"" ",Moscow
1146,EP17154001,KASPERSKY,organisation,Касперского,Moscow
1147,RU2016150632,ABBY PRODUCTION,organisation,ПРОИЗВОДСТВО ЭББИ ,Not Moscow
1147,RU2016150632,ABBYY PRODUCTION,organisation,"ООО ""АБИ ПРОДАКШН""",Moscow
1147,RU2016150632,OBSHCHESTVO S OGRANICHENNOJ OTVETSTVENNOSTYU ABI PRODAKSHN,organisation,ОБЩЕСТВО С ОГРАНИЧЕННОЙ ОТВЕТСТВЕННОСТЬЮ АБИ ПРОДАКШН,Not Moscow
1148,"US15/701,827",USHAKOV ALEXEY LEONIDOVICH,individual,УШАКОВ АЛЕКСЕЙ ЛЕОНИДОВИЧ,Not Moscow
1149,RU2017104453,KISKO BORIS ALEKSANDROVICH,individual,КИСКО БОРИС АЛЕКСАНДРОВИЧ,Not Moscow
1149,RU2017104453,KISKO BORIS ALEXANDROVICH,individual,КИСКО БОРИС АЛЕКСАНДРОВИЧ,Not Moscow
1150,WORU2016000770,OBSHCHESTVO S OGRANICHENNOY OTVETSTVENNOSTYU RM,organisation,ОБЩЕСТВО С ОГРАНИЧЕННОЙ ОТВЕТСТВЕННОСТЬЮ РМ,Not Moscow
1150,WORU2016000770,OBSHCHESTVO S OGRANICHENNOY OTVETSTVENNOSTYU «RM»,organisation,ОБЩЕСТВО С ОГРАНИЧЕННОЙ ОТВЕТСТВЕННОСТЬЮ «РМ»,Not Moscow
1151,RU2016138466,OBSHCHESTVO S OGRANICHENNOJ OTVETSTVENNOSTYU PIRF OOO PIRF,organisation,ОБЩЕСТВО С ОГРАНИЧЕННОЙ ОТВЕТСТВЕННОСТЬЮ PIRF ООО PIRF,Not Moscow
1151,RU2016138466,PEERF,organisation,PEERF,Not Moscow
1152,RU2017110404,LIABILITY THERCON LHP,organisation,THERCON ОГРАНИЧЕННОЙ ОТВЕТСТВЕННОСТЬЮ КТТ,Not Moscow
1152,RU2017110404,OBSHCHESTVO S OGRANICHENNOJ OTVETSTVENNOSTYU TERKON KTT OOO TERKON KTT,organisation,ОБЩЕСТВО С ОГРАНИЧЕННОЙ ОТВЕТСТВЕННОСТЬЮ ТЕРКОН КТТ ООО ТЕРКОН КТТ,Not Moscow
1153,RU2016140209,PAY RING,organisation,ОПЛАТИТЬ КОЛЬЦО,Not Moscow
1153,RU2016140209,PEJ RING,organisation,КОЛЬЦО А ТАКЖЕ НЕОБХОДИМЫЕ ДАННЫЕ ,Not Moscow
1154,WORU2017000517,PAY RING,organisation,ОПЛАТИТЬ КОЛЬЦО,Not Moscow
1155,"US15/201,138",INTEL,organisation,Корпорация Intel,Not Moscow
1156,EP17154002,AO KASPERSKY LAB AO KASPERSKY LAB,organisation,"АО ""ЛАБОРАТОРИЯ КАСПЕРСКОГО"" АО ""ЛАБОРАТОРИЯ КАСПЕРСКОГО"" ",Moscow
1156,EP17154002,KASPERSKY,organisation,Касперского,Moscow
1157,WORU2017050050,TELEPORT GLOBAL,organisation,ГЛОБАЛЬНЫЙ ТЕЛЕПОРТ,Not Moscow
1158,RU2016125317,OBSHCHESTVO S OGRANICHENNOJ OTVETSTVENNOSTYU RADIO GIGABIT,organisation,ОБЩЕСТВО С ОГРАНИЧЕННОЙ ОТВЕТСТВЕННОСТЬЮ РАДИО ГИГАБИТ,Not Moscow
1158,RU2016125317,RADIO GIGABIT,organisation,РАДИО ГИГАБИТ,Not Moscow
1159,RU2016125281,AO KASPERSKY LAB,organisation,"АО ""ЛАБОРАТОРИЯ КАСПЕРСКОГО"" ",Moscow
1159,RU2016125281,LABORATORIYA KASPERSKOGO,organisation,ЛАБОРАТОРИЯ КАСПЕРСКОГО ,Moscow
1160,RU2016133452,OBSHCHESTVO S OGRANICHENNOJ OTVETSTVENNOSTYU PIRF,organisation,ОБЩЕСТВО С ОГРАНИЧЕННОЙ ОТВЕТСТВЕННОСТЬЮ PIRF,Not Moscow
1160,RU2016133452,PEERF,organisation,PEERF,Not Moscow
1161,RU2016139468,AO KASPERSKY LAB,organisation,"АО ""ЛАБОРАТОРИЯ КАСПЕРСКОГО"" ",Moscow
1161,RU2016139468,LABORATORIYA KASPERSKOGO,organisation,ЛАБОРАТОРИЯ КАСПЕРСКОГО ,Moscow
1162,RU2017104719,OBSCHESTVO S OGRANICHENNOI OTVETSTVENNOSTYU «HELGI LAB»,organisation,ОБЩЕСТВО С ОГРАНИЧЕННОЙ ОТВЕТСТВЕННОСТЬЮ «ХЕЛЬГИ ЛАБ»,Not Moscow
1162,RU2017104719,OBSHCHESTVO S OGRANICHENNOJ OTVETSTVENNOSTYU KHELGI LAB,organisation,ОБЩЕСТВО С ОГРАНИЧЕННОЙ ОТВЕТСТВЕННОСТЬЮ ЛАБОРАТОРИЯ KHELGI ,Not Moscow
1163,RU2016123959,OBSHCHESTVO S OGRANICHENNOJ OTVETSTVENNOSTYU YANDEKS,organisation,ОБЩЕСТВО С ОГРАНИЧЕННОЙ ОТВЕТСТВЕННОСТЬЮ ЯНДЕКС,Not Moscow
1163,RU2016123959,YANDEX EUROPE,organisation,ЯНДЕКС ЕВРОПЫ,"Luzern, Швейцария"
1166,RU2017104131,AO KASPERSKY LAB,organisation,"АО ""ЛАБОРАТОРИЯ КАСПЕРСКОГО"" ",Moscow
1166,RU2017104131,LABORATORIYA KASPERSKOGO,organisation,ЛАБОРАТОРИЯ КАСПЕРСКОГО ,Moscow
1167,RU2017104132,AO KASPERSKY LAB,organisation,"АО ""ЛАБОРАТОРИЯ КАСПЕРСКОГО"" ",Moscow
1167,RU2017104132,LABORATORIYA KASPERSKOGO,organisation,ЛАБОРАТОРИЯ КАСПЕРСКОГО ,Moscow
1168,RU2016136224,AO KASPERSKY LAB,organisation,"АО ""ЛАБОРАТОРИЯ КАСПЕРСКОГО"" ",Moscow
1168,RU2016136224,LABORATORIYA KASPERSKOGO,organisation,ЛАБОРАТОРИЯ КАСПЕРСКОГО ,Moscow
1169,RU2016127854,CONTOUR NIIRS,organisation,КОНТУР НИИРС,Not Moscow
1169,RU2016127854,OBSHCHESTVO S OGRANICHENNOJ OTVETSTVENNOSTYU KONTUR NIIRS,organisation,ОБЩЕСТВО С ОГРАНИЧЕННОЙ ОТВЕТСТВЕННОСТЬЮ КОНТУР НИИРС,Not Moscow
1170,RU2016152427,OBSHCHESTVO S OGRANICHENNOJ OTVETSTVENNOSTYU TRAST,organisation,ОБЩЕСТВО С ОГРАНИЧЕННОЙ ОТВЕТСТВЕННОСТЬЮ ТРАСТ,Not Moscow
1170,RU2016152427,TRUST,organisation,Доверие,Not Moscow
1171,EP17154049,LG DISPLAY,organisation,ДИСПЛЕЙ LG ,Not Moscow
1171,EP17154049,SAINT PETERSBURG STATE UNIVERSITY OF AEROSPACE INSTRUMENTATION,organisation,САНКТ-ПЕТЕРБУРГСКИЙ ГОСУДАРСТВЕННЫЙ УНИВЕРСИТЕТ АЭРОКОСМИЧЕСКОГО ПРИБОРОСТРОЕНИЯ,Not Moscow
1171,EP17154049,ST PETERSBURG STATE AEROSPACE INSTRUMENT UNIVERSITY,organisation,САНКТ-ПЕТЕРБУРГСКИЙ ГОСУДАРСТВЕННЫЙ УНИВЕРСИТЕТ АЭРОКОСМИЧЕСКОГО ПРИБОРОСТРОЕНИЯ ,Not Moscow
1172,RU2016122082,AUTONOMOUS NON PROFIT ORGANIZATION FOR HIGHER EDUCATION «SKOLKOVO INSTITUTE OF SCIENCE & TECHNOLOGY»,organisation,АВТОНОМНАЯ НЕКОММЕРЧЕСКАЯ ОРГАНИЗАЦИЯ ВЫСШЕГО ОБРАЗОВАНИЯ «СКОЛКОВСКИЙ ИНСТИТУТ НАУКИ И ТЕХНОЛОГИЙ»,Not Moscow
1172,RU2016122082,AVTONOMNAYA NEKOMMERCHESKAYA OBRAZOVATELNAYA ORGANIZATSIYA VYSSHEGO OBRAZOVANIYA SKOLKOVSKIJ INSTITU,organisation,АВТОНОМНАЯ НЕКОММЕРЧЕСКАЯ ОБРАЗОВАТЕЛЬНАЯ ОРГАНИЗАЦИЯ ВЫСШЕГО ОБРАЗОВАНИЯ SKOLKOVSKIJ ИНСТИТУ,Not Moscow
1174,WORU2017000169,SHILOV VICTOR PETROVICH,individual,ШИЛОВ ВИКТОР ПЕТРОВИЧ,Not Moscow
1174,WORU2017000169,SHILOV VIKTOR PETROVICH,individual,ШИЛОВ ВИКТОР ПЕТРОВИЧ,Not Moscow
1175,"US15/404,975",LG DISPLAY,organisation,ДИСПЛЕЙ LG ,Not Moscow
1175,"US15/404,975",SAINT PETERSBURG STATE UNIVERSITY OF AEROSPACE INSTR,organisation,САНКТ-ПЕТЕРБУРГСКИЙ ГОСУДАРСТВЕННЫЙ УНИВЕРСИТЕТ АЭРОКОСМИЧЕСКОГО ИНСТР,Not Moscow
1175,"US15/404,975",SAINT PETERSBURG STATE UNIVERSITY OF AEROSPACE INSTRUMENTATION,organisation,САНКТ-ПЕТЕРБУРГСКИЙ ГОСУДАРСТВЕННЫЙ УНИВЕРСИТЕТ АЭРОКОСМИЧЕСКОГО ПРИБОРОСТРОЕНИЯ,Not Moscow
1175,"US15/404,975",ST PETERSBURG STATE AEROSPACE INSTRUMENT UNIVERSITY,organisation,САНКТ-ПЕТЕРБУРГСКИЙ ГОСУДАРСТВЕННЫЙ УНИВЕРСИТЕТ АЭРОКОСМИЧЕСКОГО ПРИБОРОСТРОЕНИЯ ,Not Moscow
1176,EP17172049,AO KASPERSKY LAB,organisation,"АО ""ЛАБОРАТОРИЯ КАСПЕРСКОГО"" ",Moscow
1176,EP17172049,KASPERSKY,organisation,Касперского,Moscow
1177,RU2016131357,AO KASPERSKY LAB,organisation,"АО ""ЛАБОРАТОРИЯ КАСПЕРСКОГО"" ",Moscow
1177,RU2016131357,LABORATORIYA KASPERSKOGO,organisation,ЛАБОРАТОРИЯ КАСПЕРСКОГО ,Moscow
1178,RU2016125803,OTKRYTOE NAUCHNO PROIZVODSTVENNOE OBEDINENIE ANGSTREM,organisation,ОТКРЫТОЕ НАУЧНО ПРОИЗВОДСТВЕННОЕ ОБЪЕДИНЕНИЕ АНГСТРЕМ,Not Moscow
1178,RU2016125803,PUBLIC JOINT STOCK,organisation,ПУБЛИЧНОЕ АКЦИОНЕРНОЕ ОБЩЕСТВО,Not Moscow
1179,RU2016125804,OTKRYTOE NAUCHNO PROIZVODSTVENNOE OBEDINENIE ANGSTREM,organisation,ОТКРЫТОЕ НАУЧНО ПРОИЗВОДСТВЕННОЕ ОБЪЕДИНЕНИЕ АНГСТРЕМ,Not Moscow
1179,RU2016125804,PUBLIC JOINT STOCK,organisation,ПУБЛИЧНОЕ АКЦИОНЕРНОЕ ОБЩЕСТВО,Not Moscow
1180,RU2016125799,OTKRYTOE NAUCHNO PROIZVODSTVENNOE OBEDINENIE ANGSTREM,organisation,ОТКРЫТОЕ НАУЧНО ПРОИЗВОДСТВЕННОЕ ОБЪЕДИНЕНИЕ АНГСТРЕМ,Not Moscow
1180,RU2016125799,PUBLIC JOINT STOCK,organisation,ПУБЛИЧНОЕ АКЦИОНЕРНОЕ ОБЩЕСТВО,Not Moscow
1181,WORU2017050008,GABINSKII IAN LVOVICH,individual,ГАБИНСКИЙ ЯН ЛЬВОВИЧ,Not Moscow
1182,GB201715206,OBSCHESTVO S OGRANICHENNOY OTVETSTVENNOSTYU SYNESIS,organisation,"ОБЩЕСТВО С ОГРАНИЧЕННОЙ ОТВЕТСТВЕННОСТЬЮ ""СИНЕЗИС""",Not Moscow
1182,GB201715206,OBSHCHESTVO S OGRANICHENNOJ OTVETSTVENNOSTYU SINEZIS,organisation,ОБЩЕСТВО С ОГРАНИЧЕННОЙ ОТВЕТСТВЕННОСТЬЮ СИНЕЗИС,Not Moscow
1182,GB201715206,OBSHESTVO S OGRANICHENNOY OTVETSTVENNOSTYU SINEZIS,organisation,ОБШЕСТВО С ОГРАНИЧЕННОЙ ОТВЕТСТВЕННОСТЬЮ СИНЕЗИС,Not Moscow
1182,GB201715206,SYNESIS,organisation,Синезис,Not Moscow
1183,RU2016127245,OBSHCHESTVO S OGRANICHENNOJ OTVETSTVENNOSTYU TRAST,organisation,ОБЩЕСТВО С ОГРАНИЧЕННОЙ ОТВЕТСТВЕННОСТЬЮ ТРАСТ,Not Moscow
1183,RU2016127245,TRUST,organisation,Доверие,Not Moscow
1184,RU2016137336,IB TDS,organisation,МБ ТДС,Not Moscow
1184,RU2016137336,OBSHCHESTVO S OGRANICHENNOJ OTVETSTVENNOSTYU GRUPPA AJBI TDS,organisation,ОБЩЕСТВО С ОГРАНИЧЕННОЙ ОТВЕТСТВЕННОСТЬЮ ГРУППА AJBI ТДС,Not Moscow
1185,RU2016136225,AO KASPERSKY LAB,organisation,"АО ""ЛАБОРАТОРИЯ КАСПЕРСКОГО"" ",Moscow
1185,RU2016136225,LABORATORIYA KASPERSKOGO,organisation,ЛАБОРАТОРИЯ КАСПЕРСКОГО ,Moscow
1186,RU2016148492,AO KASPERSKY LAB,organisation,"АО ""ЛАБОРАТОРИЯ КАСПЕРСКОГО"" ",Moscow
1186,RU2016148492,LABORATORIYA KASPERSKOGO,organisation,ЛАБОРАТОРИЯ КАСПЕРСКОГО ,Moscow
1187,RU2016139470,AO KASPERSKY LAB,organisation,"АО ""ЛАБОРАТОРИЯ КАСПЕРСКОГО"" ",Moscow
1187,RU2016139470,LABORATORIYA KASPERSKOGO,organisation,ЛАБОРАТОРИЯ КАСПЕРСКОГО ,Moscow
1188,RU2016148490,AO KASPERSKY LAB,organisation,"АО ""ЛАБОРАТОРИЯ КАСПЕРСКОГО"" ",Moscow
1188,RU2016148490,LABORATORIYA KASPERSKOGO,organisation,ЛАБОРАТОРИЯ КАСПЕРСКОГО ,Moscow
1189,RU2016139472,AO KASPERSKY LAB,organisation,"АО ""ЛАБОРАТОРИЯ КАСПЕРСКОГО"" ",Moscow
1189,RU2016139472,LABORATORIYA KASPERSKOGO,organisation,ЛАБОРАТОРИЯ КАСПЕРСКОГО ,Moscow
1190,RU2016125280,AO KASPERSKY LAB,organisation,"АО ""ЛАБОРАТОРИЯ КАСПЕРСКОГО"" ",Moscow
1190,RU2016125280,LABORATORIYA KASPERSKOGO,organisation,ЛАБОРАТОРИЯ КАСПЕРСКОГО ,Moscow
1191,RU2016148489,AO KASPERSKY LAB,organisation,"АО ""ЛАБОРАТОРИЯ КАСПЕРСКОГО"" ",Moscow
1191,RU2016148489,LABORATORIYA KASPERSKOGO,organisation,ЛАБОРАТОРИЯ КАСПЕРСКОГО ,Moscow
1192,"US15/497,483",ULYANOV NIKOLAY,individual,УЛЬЯНОВ НИКОЛАЙ,Not Moscow
1193,RU2016132280,FEDERAL GOSUDARSTVENNOE UNITARNOE PREDPRIYATIE GORNO KHIMICHESKIJ KOMB,organisation,ФЕДЕРАЛЬНОЕ ГОСУДАРСТВЕННОЕ УНИТАРНОЕ ПРЕДПРИЯТИЕ ГОРНО KHIMICHESKIJ КОМБ,Not Moscow
1193,RU2016132280,FEDERAL STATE UNITARY ENTERPRICE MINING & CHEMICAL COMBINE FSUE MCC,organisation,ФЕДЕРАЛЬНОЕ ГОСУДАРСТВЕННОЕ УНИТАРНОЕ ПРЕДПРИЯТИЕ ГОРНО-ХИМИЧЕСКИЙ КОМБИНАТ ФГУП ГХК,Not Moscow
1194,RU2016138710,ITV,organisation,ИТВ,Not Moscow
1194,RU2016138710,OOO ITV,organisation,ООО ИТВ,Not Moscow
1194,RU2016138710,ОБЩЕСТВО С ОГРАНИЧЕННОЙ ОТВЕТСТВЕННОСТЬЮ АЙ ТИ ВИ ГРУПП,organisation,ОБЩЕСТВО С ОГРАНИЧЕННОЙ ОТВЕТСТВЕННОСТЬЮ АЙ ТИ ВИ ГРУПП,Not Moscow
1195,RU2016113265,OBSHCHESTVO S OGRANICHENNOJ OTVETSTVENNOSTYU YANDEKS,organisation,ОБЩЕСТВО С ОГРАНИЧЕННОЙ ОТВЕТСТВЕННОСТЬЮ ЯНДЕКС,Not Moscow
1195,RU2016113265,YANDEX EUROPE,organisation,ЯНДЕКС ЕВРОПЫ,"Luzern, Швейцария"
1196,RU2016143574,OBSCHESTVO S OGRANICHENNOI OTVETSTVENNOSTYU RADIO VISION,organisation,ОБЩЕСТВО С ОГРАНИЧЕННОЙ ОТВЕТСТВЕННОСТЬЮ РАДИО ВИЖН,Not Moscow
1196,RU2016143574,OBSHCHESTVO S OGRANICHENNOJ OTVETSTVENNOSTYU RADIO VIZHN,organisation,ОБЩЕСТВО С ОГРАНИЧЕННОЙ ОТВЕТСТВЕННОСТЬЮ РАДИО ВИЖН,Not Moscow
1197,RU2016111407,SHIROKIJ DENIS GLEBOVICH,individual,ШИРОКИЙ ДЕНИС ГЛЕБОВИЧ,Not Moscow
1197,RU2016111407,SHIROKIY DENIS GLEBOVICH,individual,ШИРОКИЙ ДЕНИС ГЛЕБОВИЧ,Not Moscow
1198,RU2016131405,OBSHCHESTVO S OGRANICHENNOJ OTVETSTVENNOSTYU RADIO GIGABIT,organisation,ОБЩЕСТВО С ОГРАНИЧЕННОЙ ОТВЕТСТВЕННОСТЬЮ РАДИО ГИГАБИТ,Not Moscow
1198,RU2016131405,RADIO GIGABIT,organisation,РАДИО ГИГАБИТ,Not Moscow
1199,RU2016123424,OBSHCHESTVO S OGRANICHENNOJ OTVETSTVENNOSTYU DAURIYA SPUTNIKOVYE TEKH,organisation,ОБЩЕСТВО С ОГРАНИЧЕННОЙ ОТВЕТСТВЕННОСТЬЮ ДАУРИЯ СПУТНИКОВЫЕ ТЕХ,Not Moscow
1199,RU2016123424,PEPTID PRODUCTS,organisation,ПЕПТИД ПРОДУКТЫ,Not Moscow
1199,RU2016123424,SATELLITE TECH,organisation,СПУТНИКОВЫЕ ТЕХНОЛОГИИ,Not Moscow
1200,"US15/461,793",GLOBAL ENERGY TRANSMISSION,organisation,ГЛОБАЛЬНАЯ ПЕРЕДАЧА ЭНЕРГИИ ,Not Moscow
1201,"US15/613,832",APSTEC SYSTEMS,organisation,СИСТЕМ APSTEC ,Not Moscow
1203,RU2016125801,OTKRYTOE NAUCHNO PROIZVODSTVENNOE OBEDINENIE ANGSTREM,organisation,ОТКРЫТОЕ НАУЧНО ПРОИЗВОДСТВЕННОЕ ОБЪЕДИНЕНИЕ АНГСТРЕМ,Not Moscow
1203,RU2016125801,PUBLIC JOINT STOCK,organisation,ПУБЛИЧНОЕ АКЦИОНЕРНОЕ ОБЩЕСТВО,Not Moscow
1204,RU2016125802,OTKRYTOE NAUCHNO PROIZVODSTVENNOE OBEDINENIE ANGSTREM,organisation,ОТКРЫТОЕ НАУЧНО ПРОИЗВОДСТВЕННОЕ ОБЪЕДИНЕНИЕ АНГСТРЕМ,Not Moscow
1204,RU2016125802,PUBLIC JOINT STOCK,organisation,ПУБЛИЧНОЕ АКЦИОНЕРНОЕ ОБЩЕСТВО,Not Moscow
1205,RU2016107999,DYAKOV VLADIMIR VLADIMIROVICH,individual,ДЬЯКОВ ВЛАДИМИР ВЛАДИМИРОВИЧ,Not Moscow
1206,EA201600600,OBSCHESTVO S OGRANICHENNOJ OTVETSTVENNOSTYU KONSTANTA,organisation,"ОБЩЕСТВО С ОГРАНИЧЕННОЙ ОТВЕТСТВЕННОСТЬЮ ""КОНСТАНТА""",Not Moscow
1206,EA201600600,OBSHCHESTVO S OGRANICHENNOY OTVETSTVENNOSTYU CONSTANTA,organisation,ОБЩЕСТВО С ОГРАНИЧЕННОЙ ОТВЕТСТВЕННОСТЬЮ КОНСТАНТА,Not Moscow
1207,RU2016129994,INTELLIGENT SISTEMS OF BUSINESS CONTROL,organisation,ИНТЕЛЛЕКТУАЛЬНЫЕ СИСТЕМЫ УПРАВЛЕНИЯ БИЗНЕСОМ,Not Moscow
1207,RU2016129994,OBSHCHESTVO S OGRANICHENNOJ OTVETSTVENNOSTYU INTELLEKTUALNYE SISTEMY UPRAVLENIYA BIZNESOM,organisation,ОБЩЕСТВО С ОГРАНИЧЕННОЙ ОТВЕТСТВЕННОСТЬЮ ИНТЕЛЛЕКТУАЛЬНЫЕ СИСТЕМЫ УПРАВЛЕНИЯ БИЗНЕСОМ,Not Moscow
1208,RU2016119518,AO KASPERSKY LAB,organisation,"АО ""ЛАБОРАТОРИЯ КАСПЕРСКОГО"" ",Moscow
1208,RU2016119518,LABORATORIYA KASPERSKOGO,organisation,ЛАБОРАТОРИЯ КАСПЕРСКОГО ,Moscow
1209,RU2016142493,ASSOTSIATSIYA NEKOMMERCHESKOE PARTNERSTVO TSENTR RAZVITIYA DELOGOVO I KULTURNOGO SOTRUDNICHESTVA EKS,organisation,АССОЦИАЦИЯ НЕКОММЕРЧЕСКОЕ ПАРТНЕРСТВО ЦЕНТР РАЗВИТИЯ DELOGOVO Я КУЛЬТУРНОГО СОТРУДНИЧЕСТВА ЭКС,Not Moscow
1209,RU2016142493,ASSOTSIATSIYA NEKOMMERCHESKOE PARTNERSTVO TSENTR RAZVITIYA DELOVOGO I KULTURNOGO SOTRUDNICHESTVA EKS,organisation,АССОЦИАЦИЯ НЕКОММЕРЧЕСКОЕ ПАРТНЕРСТВО ЦЕНТР РАЗВИТИЯ ДЕЛОВОГО И КУЛЬТУРНОГО СОТРУДНИЧЕСТВА ЭКС,Not Moscow
1209,RU2016142493,BUSINESS & CULTURAL COOPERATION EXPERT DEVELOPMENT CENTER,organisation,ДЕЛОВОЙ И КУЛЬТУРНЫЙ ЦЕНТР РАЗВИТИЯ ЭКСПЕРТНОЙ СОТРУДНИЧЕСТВА ,Not Moscow
1209,RU2016142493,NEKOMMERCHESKOE PARTNERSTVO TSENTR RAZVITIYA DELOVOGO I KULTURNOGO SOTRUDNICHESTVA EKSPERT,organisation,"НЕКОММЕРЧЕСКОЕ ПАРТНЕРСТВО ЦЕНТР РАЗВИТИЯ ДЕЛОВОГО И КУЛЬТУРНОГО СОТРУДНИЧЕСТВА ""ЭКСПЕРТ""",Not Moscow
1210,RU2016128438,ALMAZ ANTEY,organisation,АЛМАЗ АНТЕЙ,Not Moscow
1210,RU2016128438,KONTSERN VOZDUSHNO KOSMICHESKOJ OBORONY ALMAZ ANTEJ,organisation,КОНЦЕРН ВОЗДУШНО КОСМИЧЕСКОЙ ОБОРОНЫ АЛМАЗ АНТЕЙ,Not Moscow
1210,RU2016128438,PUBLICHNOE NAUCHNO PROIZVODSTVENNOE OBEDINENIE STRELA,organisation,"ПУБЛИЧНОЕ НАУЧНО ПРОИЗВОДСТВЕННОЕ ОБЪЕДИНЕНИЕ ""СТРЕЛА""",Not Moscow
1211,RU2016104972,OOO UCABLE,organisation,ООО UCABLE,Not Moscow
1212,WOUS2017014299,ALMALENCE,organisation,ALMALENCE,Not Moscow
1213,WOIB2017050623,CHERNYAKOVSKY NIKOLAY DMITRIEVICH,individual,ЧЕРНЯКОВСКИй НИКОЛАЙ ДМИТРИЕВИЧ,Not Moscow
1213,WOIB2017050623,NIKOLA CHERNIKOVSKI,individual,НИКОЛА ЧЕРНИКОВСКИ,Not Moscow
1213,WOIB2017050623,NTLAB,organisation,НТЛАБ,Not Moscow
1213,WOIB2017050623,OBSHCHESTVO S OGRANICHENNOY OTVETSTVEN NOSTYU NTLA B,organisation,ОБЩЕСТВО С ОГРАНИЧЕННОЙ OTVETSTVEN NOSTYU NTLA Б,Not Moscow
1213,WOIB2017050623,OBSHCHESTVO S OGRANICHENNOY OTVETSTVENNOSTYU NTLAB,organisation,ОБЩЕСТВО С ОГРАНИЧЕННОЙ ОТВЕТСТВЕННОСТЬЮ НТЛАБ,Not Moscow
1213,WOIB2017050623,TCHERNIAKOVSKI NIKOLAI,individual,TCHERNIAKOVSKI НИКОЛАЙ,Not Moscow
1214,RU2016133024,OBSHCHESTVO S OGRANICHENNOJ OTVETSTVENNOSTYU RADIO GIGABIT,organisation,ОБЩЕСТВО С ОГРАНИЧЕННОЙ ОТВЕТСТВЕННОСТЬЮ РАДИО ГИГАБИТ,Not Moscow
1214,RU2016133024,RADIO GIGABIT,organisation,РАДИО ГИГАБИТ,Not Moscow
1215,RU2016136767,ALHOVSKIJ EHDUARD ALEKSANDROVICH,individual,АЛьХОВСКИЙ ЭДУАРД АЛЕКСАНДРОВИЧ,Not Moscow
1215,RU2016136767,ALKHOVSKIJ EDUARD ALEKSANDROVICH,individual,АЛьХОВСКИЙ ЭДУАРД АЛЕКСАНДРОВИЧ,Not Moscow
1215,RU2016136767,BORONOV VLADIMIR YUREVICH,individual,БОРОНОВ ВЛАДИМИР ЮРЬЕВИЧ,Not Moscow
1216,RU2016131358,AO KASPERSKY LAB,organisation,"АО ""ЛАБОРАТОРИЯ КАСПЕРСКОГО"" ",Moscow
1216,RU2016131358,LABORATORIYA KASPERSKOGO,organisation,ЛАБОРАТОРИЯ КАСПЕРСКОГО ,Moscow
1217,"US15/411,951",LOMICS,organisation,LOMICS,Not Moscow
1220,RU2016136313,IANS,organisation,Манс,Not Moscow
1220,RU2016136313,KONTSERN VOZDUSHNO KOSMICHESKOJ OBORONY ALMAZ ANTEJ,organisation,КОНЦЕРН ВОЗДУШНО КОСМИЧЕСКОЙ ОБОРОНЫ АЛМАЗ АНТЕЙ,Not Moscow
1220,RU2016136313,PUBLIC JOINT STOCK,organisation,ПУБЛИЧНОЕ АКЦИОНЕРНОЕ ОБЩЕСТВО,Not Moscow
1221,RU2016131801,ROSSIJSKAYA KORPORATSIYA RAKETNO KOSMICHESKOGO PRIBOROSTROENIYA I INFORMATS,organisation,РОССИЙСКАЯ КОРПОРАЦИЯ РАКЕТНО КОСМИЧЕСКОГО ПРИБОРОСТРОЕНИЯ Я ИНФОРМАЦ,Not Moscow
1221,RU2016131801,RUSSIAN SPACE SYSTEM,organisation,РОССИЙСКИЕ КОСМИЧЕСКИЕ СИСТЕМЫ,Not Moscow
1222,RU2016122379,NAUCHNO PROIZVODSTVENNYJ TSENTR ELEKTRONNYE VYCHISLITELNO INFORMATSIONNYE S,organisation,НАУЧНО ПРОИЗВОДСТВЕННЫЙ ЦЕНТР ЭЛЕКТРОННЫЕ ВЫЧИСЛИТЕЛЬНО ИНФОРМАЦИОННЫЕ С,Not Moscow
1222,RU2016122379,STOCK,organisation,Акции,Not Moscow
1223,RU2016117576,OBSCHESTVO S OGRANICHENNOI OTVETSTVENNOSTYU QLABS,organisation,ОБЩЕСТВО С ОГРАНИЧЕННОЙ ОТВЕТСТВЕННОСТЬЮ QLABS,Not Moscow
1223,RU2016117576,OBSHCHESTVO S OGRANICHENNOJ OTVETSTVENNOSTYU KYULABS,organisation,ОБЩЕСТВО С ОГРАНИЧЕННОЙ ОТВЕТСТВЕННОСТЬЮ KYULABS,Not Moscow
1224,RU2016128951,AFANASEV YURIJ SERGEEVICH,individual,АФАНАСЕВ ЮРИЙ СЕРГЕЕВИЧ,Not Moscow
1224,RU2016128951,AFANASYEV YURY SERGEEVICH,individual,АФАНАСЬЕВ ЮРИЙ СЕРГЕЕВИЧ,Not Moscow
1225,RU2015145447,ABBYY DEVELOPMENT,organisation,РАЗРАБОТКИ КОМПАНИИ ABBYY ,Moscow
1225,RU2015145447,ABBYY PRODUCTION,organisation,"ООО ""АБИ ПРОДАКШН""",Moscow
1225,RU2015145447,OBSHCHESTVO S OGRANICHENNOJ OTVETSTVENNOSTYU ABI DEVELOPMENT,organisation,ОБЩЕСТВО С ОГРАНИЧЕННОЙ ОТВЕТСТВЕННОСТЬЮ АБИ РАЗВИТИЯ,Not Moscow
1226,WORU2015000633,OBSCHESTVO S OGRANICHENNOY OTVETSTVENNOSTYU INTERSOFT,organisation,ОБЩЕСТВО С ОГРАНИЧЕННОЙ ОТВЕТСТВЕННОСТЬЮ ИНТЕРСОФТ,Not Moscow
1227,"US14/868,683",ABBY DEVELOPMENT,organisation,РАЗВИТИЕ ЭББИ ,Not Moscow
1227,"US14/868,683",ABBYY PRODUCTION,organisation,"ООО ""АБИ ПРОДАКШН""",Moscow
1227,"US14/868,683",OBSHCHESTVO S OGRANICHENNOJ OTVETSTVENNOSTYU ABI DEVELOPMENT,organisation,ОБЩЕСТВО С ОГРАНИЧЕННОЙ ОТВЕТСТВЕННОСТЬЮ АБИ РАЗВИТИЯ,Not Moscow
1228,"US15/099,195",AO KASPERSKY LAB,organisation,"АО ""ЛАБОРАТОРИЯ КАСПЕРСКОГО"" ",Moscow
1228,"US15/099,195",LABORATORIYA KASPERSKOGO,organisation,ЛАБОРАТОРИЯ КАСПЕРСКОГО ,Moscow
1229,RU2016136836,CHERNYKH ILYA VLADIMIROVICH,individual,ЧЕРНЫХ ИЛЬЯ ВЛАДИМИРОВИЧ,Not Moscow
1229,RU2016136836,KATUKHOV ALEKSEY VLADIMIROVICH,individual,КАТЮХОВ АЛЕКСЕЙ ВЛАДИМИРОВИЧ,Not Moscow
1229,RU2016136836,KONDAUROV ALEKSEJ VIKTOROVICH,individual,КОНДАУРОВ АЛЕКСЕЙ ВИКТОРОВИЧ,Not Moscow
1229,RU2016136836,KONDAUROV ALEKSEY VIKTOROVICH,individual,КОНДАУРОВ АЛЕКСЕЙ ВИКТОРОВИЧ,Not Moscow
1230,"US15/007,790",AO KASPERSKY LAB,organisation,"АО ""ЛАБОРАТОРИЯ КАСПЕРСКОГО"" ",Moscow
1231,RU2016103659,ROSSIJSKAJA KORPORATSIJA RAKETNO KOSMICHESKOGO PRIBOROSTROENIJA I INFORMATS,organisation,ROSSIJSKAJA KORPORATSIJA РАКЕТНО КОСМИЧЕСКОГО PRIBOROSTROENIJA Я ИНФОРМАЦ,Not Moscow
1231,RU2016103659,RUSSIAN SPACE SYSTEM,organisation,РОССИЙСКИЕ КОСМИЧЕСКИЕ СИСТЕМЫ,Not Moscow
1232,RU2015119725,OBSCHESTVO S OGRANICHENNOI OTVETSTVENNOSTYU LABORATORIA 24,organisation,ОБЩЕСТВО С ОГРАНИЧЕННОЙ ОТВЕТСТВЕННОСТЬЮ В LABORATORIA 24,Not Moscow
1232,RU2015119725,OBSHCHESTVO S OGRANICHENNOJ OTVETSTVENNOSTJU LABORATORIJA 24,organisation,ОБЩЕСТВО С ОГРАНИЧЕННОЙ ЛАБОРАТОРИЯ OTVETSTVENNOSTJU 24,Not Moscow
1233,CA2982429,BRITISH AMERICAN TOBACCO,organisation,БРИТИШ АМЕРИКАН ТОБАККО,Not Moscow
1233,CA2982429,JSC INT TOBACCO MARKETING SERVICES,organisation,АО ИНТ УСЛУГИ ПО МАРКЕТИНГУ ТАБАКА,Not Moscow
1233,CA2982429,JSC INTERNATIONAL TOBACCO MARKETING SERVICES,organisation,ОАО МЕЖДУНАРОДНЫЙ МАРКЕТИНГ УСЛУГ ТАБАЧНЫМИ ИЗДЕЛИЯМИ ,Not Moscow
1234,"US14/680,704",CHERNOV VICTOR,individual,ЧЕРНОВ ВИКТОР,Not Moscow
1234,"US14/680,704",GOLOVKOV VLADISLAV,individual,ГОЛОВКОВ ВЛАДИСЛАВ,Not Moscow
1234,"US14/680,704",PORTNOV ANDREY,individual,ПОРТНОВ АНДРЕЙ,Not Moscow
1235,WORU2015000234,TOPCON POSITIONING SYSTEMS,organisation,СИСТЕМ КОМПАНИИ TOPCON ПОЗИЦИОНИРОВАНИЯ ,Not Moscow
1236,WOIB2015057795,OBSHCHESTVO S OGRANICHENNOJ OTVETSTVENNOSTYU YANDEKS,organisation,ОБЩЕСТВО С ОГРАНИЧЕННОЙ ОТВЕТСТВЕННОСТЬЮ ЯНДЕКС,Not Moscow
1236,WOIB2015057795,YANDEX,organisation,Яндекс,Not Moscow
1236,WOIB2015057795,YANDEX EUROPE,organisation,ЯНДЕКС ЕВРОПЫ,"Luzern, Швейцария"
1237,RU2015126565,OBSHSHESTVO S OGRANICHENNOJ OTVETSTVENNOSTYU FOTOELEKTRONNYE PRIBORY,organisation,OBSHSHESTVO С ОГРАНИЧЕННОЙ ОТВЕТСТВЕННОСТЬЮ FOTOELEKTRONNYE ПРИБОРЫ,Not Moscow
1237,RU2015126565,PHOTOELECTRONIC DEVICES,organisation,ФОТОЭЛЕКТРОННЫХ УСТРОЙСТВ,Not Moscow
1238,WOIB2015053757,OBSHCHESTVO S OGRANICHENNOJ OTVETSTVENNOSTYU YANDEKS,organisation,ОБЩЕСТВО С ОГРАНИЧЕННОЙ ОТВЕТСТВЕННОСТЬЮ ЯНДЕКС,Not Moscow
1238,WOIB2015053757,YANDEX,organisation,Яндекс,Not Moscow
1238,WOIB2015053757,YANDEX EUROPE,organisation,ЯНДЕКС ЕВРОПЫ,"Luzern, Швейцария"
1239,CA2946389,COMPANY LTD NEXTGEN,organisation,КОМПАНИЯ ООО НОВОЕ ПОКОЛЕНИЕ,Not Moscow
1239,CA2946389,NEXT GENERAL,organisation,ОЧЕРЕДНОЕ ОБЩЕЕ,Not Moscow
1239,CA2946389,NEXTGEN,organisation,НЕКСТДЖЕН,Not Moscow
1239,CA2946389,OBSCHESTVO S OGRANICHENNOJ OTVETSTVENNOST YU NEKSTGEN,organisation,ОБЩЕСТВО С ОГРАНИЧЕННОЙ ОТВЕТСТВЕННОСТЬЮ Ю НЕКСТГЕН,Not Moscow
1239,CA2946389,OBSHSHESTVO S OGRANICHENNOJ OTVETSTVENNOSTYU NEKSTGEN,organisation,OBSHSHESTVO НЕКСТГЕН С ОГРАНИЧЕННОЙ ОТВЕТСТВЕННОСТЬЮ ,Not Moscow
1240,"US14/141,034",INTEL,organisation,Корпорация Intel,Not Moscow
1240,"US14/141,034",IP,organisation,ИС,Not Moscow
1241,"US13/803,042",INTEL,organisation,Корпорация Intel,Not Moscow
1241,"US13/803,042",INTEL MOBILE COMMUNICATIONS,organisation,КОРПОРАЦИЯ INTEL МОБИЛЬНОЙ СВЯЗИ,Not Moscow
1242,"US14/127,923",INTEL,organisation,Корпорация Intel,Not Moscow
1242,"US14/127,923",IP,organisation,ИС,Not Moscow
1243,FI20126147,INTEL,organisation,Корпорация Intel,Not Moscow
1244,WORU2016000032,ABILMA,organisation,АБИЛМА,Not Moscow
1244,WORU2016000032,ABILMA LIABILITY,organisation,ОГРАНИЧЕННОЙ ОТВЕТСТВЕННОСТЬЮ АБИЛМА ,Not Moscow
1244,WORU2016000032,ABIMA,organisation,АБИМА,Not Moscow
1245,"US14/124,217",INTEL,organisation,Корпорация Intel,Not Moscow
1245,"US14/124,217",IP,organisation,ИС,Not Moscow
1246,CN201610067361,AO KASPERSKY LAB,organisation,"АО ""ЛАБОРАТОРИЯ КАСПЕРСКОГО"" ",Moscow
1246,CN201610067361,KASPERSKY,organisation,Касперского,Moscow
1247,WORU2015000905,KHOROSHEV ALEKSEJ FEDOROVICH,individual,ХОРОШЕВ АЛЕКСЕЙ ФЕДОРОВИЧ,Not Moscow
1247,WORU2015000905,KHOROSHEV ALEXEY FEDOROVICH,individual,ХОРОШЕВ АЛЕКСЕЙ ФЕДОРОВИЧ,Not Moscow
1248,RU2015111132,LABORATORY 24,organisation,Лаборатория 24,Not Moscow
1248,RU2015111132,OBSCHESTVO S OGRANICHENNOI OTVETSTVENNOSTYU LABORATORIA 24,organisation,ОБЩЕСТВО С ОГРАНИЧЕННОЙ ОТВЕТСТВЕННОСТЬЮ В LABORATORIA 24,Not Moscow
1248,RU2015111132,OBSHSHESTVO S OGRANICHENNOJ OTVETSTVENNOSTYU LAB 24,organisation,OBSHSHESTVO ЛАБОРАТОРИИ С ОГРАНИЧЕННОЙ ОТВЕТСТВЕННОСТЬЮ 24,Not Moscow
1249,"US14/741,233",INTEL,organisation,Корпорация Intel,Not Moscow
1250,RU2015102918,OBSHCHESTVO S OGRANICHENNOJ OTVETSTVENNOSTJU SOLEKS R,organisation,ОБЩЕСТВО С ОГРАНИЧЕННОЙ OTVETSTVENNOSTJU СОЛЕКС Р,Not Moscow
1250,RU2015102918,OBSHCHESTVO S OGRANICHENNOJ OTVETSTVENNOSTYU SOLEKS R,organisation,ОБЩЕСТВО С ОГРАНИЧЕННОЙ ОТВЕТСТВЕННОСТЬЮ СОЛЕКС Р,Not Moscow
1251,WORU2015000698,1C,organisation,1С,Moscow
1251,WORU2015000698,1C LIABILITY,organisation,"ОТВЕТСТВЕННОСТЬ ""1С"" ",Moscow
1251,WORU2015000698,PEPTID PRODUCTS,organisation,ПЕПТИД ПРОДУКТЫ,Not Moscow
1252,WORU2014000753,TOPCON POSITIONING SYSTEMS,organisation,СИСТЕМ КОМПАНИИ TOPCON ПОЗИЦИОНИРОВАНИЯ ,Not Moscow
1253,RU2014152166,Armen. Galilek Norwich. Grigorian,individual,Оружие. Галилео Норвич. Григорьян,Not Moscow
1253,RU2014152166,Artem Sergeyevich Ajemov,individual,Артем Сергеевич Аемов,Not Moscow
1253,RU2014152166,"Azmov, Artem Sergei Vici",individual,Азмов Артем Сергей Вичи,Not Moscow
1253,RU2014152166,BRAIN BEAT,organisation,МОЗГ БИТЬ,Not Moscow
1253,RU2014152166,Edward Vladimirovich Krezanovsky,individual,Эдуард Владимирович Крезановский,Not Moscow
1253,RU2014152166,"Grigorian, Amen Gareghinovich",individual,"Григория, Гаргеневич Охрана",Not Moscow
1253,RU2014152166,"Kryzanovsky, Edvardo Vladimirovich",individual,Крызановский Эдвард Владимирович,Not Moscow
1254,"US14/669,243",INTEL,organisation,Корпорация Intel,Not Moscow
1255,RU2014148614,Igor Vandimovich. Brelev,individual,Игорь Вандимович. Brelev,Not Moscow
1256,CA2945132,INTEL,organisation,Корпорация Intel,Not Moscow
1257,"US13/795,073",INTEL,organisation,Корпорация Intel,Not Moscow
1258,WOUS2015024376,L. Ola,individual,Л. Привет,Not Moscow
1259,CA2936027,INTEL,organisation,Корпорация Intel,Not Moscow
1259,CA2936027,INTEL AJPI KORPOREJSHN,organisation,КОРПОРАЦИЯ INTEL АЙПИ КОРПОРЕЙШН,Not Moscow
1260,"US14/495,641",INTEL,organisation,Корпорация Intel,Not Moscow
1261,"US14/481,396",INTEL,organisation,Корпорация Intel,Not Moscow
1262,WORU2014000022,TOPCON POSITIONING SYSTEMS,organisation,СИСТЕМ КОМПАНИИ TOPCON ПОЗИЦИОНИРОВАНИЯ ,Not Moscow
1262,WORU2014000022,ОБЩЕСТВО С ОГРАНИЧЕННОЙ ОТВЕТСТВЕННОСТЬЮ ТОПКОН ПОЗИШИОНИНГ СИСТЕМС,organisation,ОБЩЕСТВО С ОГРАНИЧЕННОЙ ОТВЕТСТВЕННОСТЬЮ ТОПКОН ПОЗИШИОНИНГ СИСТЕМС,Not Moscow
1263,WOUS2013077857,INTEL,organisation,Корпорация Intel,Not Moscow
1264,RU2014113968,USHAKOV ALEKSEJ LEONIDOVICH,individual,УШАКОВ АЛЕКСЕЙ ЛЕОНИДОВИЧ,Not Moscow
1264,RU2014113968,USHAKOV ALEXEY LEONIDOVICH,individual,УШАКОВ АЛЕКСЕЙ ЛЕОНИДОВИЧ,Not Moscow
1265,"US14/559,078",ABBYY PRODUCTION,organisation,"ООО ""АБИ ПРОДАКШН""",Moscow
1265,"US14/559,078",OOO ABI DEVELOPMENT,organisation,ООО АБИ ДЕВЕЛОПМЕНТ,Not Moscow
1266,"US14/316,188",INTEL,organisation,Корпорация Intel,Not Moscow
1267,"US14/280,799",INTEL,organisation,Корпорация Intel,Not Moscow
1267,"US14/280,799",IP,organisation,ИС,Not Moscow
1268,"US14/318,008",INTEL,organisation,Корпорация Intel,Not Moscow
1269,"US14/255,216",INTEL,organisation,Корпорация Intel,Not Moscow
1270,"US14/227,829",INTEL,organisation,Корпорация Intel,Not Moscow
1271,"US14/141,940",INTEL,organisation,Корпорация Intel,Not Moscow
1272,WOUS2012050007,INTEL,organisation,Корпорация Intel,Not Moscow
1273,"US14/193,509",INTEL,organisation,Корпорация Intel,Not Moscow
1274,"US14/142,021",INTEL,organisation,Корпорация Intel,Not Moscow
1275,WOUS2013062228,INTEL,organisation,Корпорация Intel,Not Moscow
1276,CA2880588,INTEL,organisation,Корпорация Intel,Not Moscow
1277,CA2882353,INTEL,organisation,Корпорация Intel,Not Moscow
1278,"US13/869,541",INTEL,organisation,Корпорация Intel,Not Moscow
1279,CA2870247,KOZLOV VALENTIN ALEKSEEVICH,individual,КОЗЛОВ ВАЛЕНТИН АЛЕКСЕЕВИЧ,Not Moscow
1279,CA2870247,KUTOVOI SERGEI ALEXANDROVHICH,individual,КОУТОВОЙ СЕРГЕЙ АЛЕКСАНДРОВИЧ,Not Moscow
1279,CA2870247,ZAVARTSEV YURI DMITRIVECH,individual,ЗАВАРЦЕВ ЮРИЙ ДМИТРИВЕЧ,Not Moscow
1279,CA2870247,ZAVERTYAEV MIKHAIL VASILEVICH,individual,ЗАВЕРТЯЕВ МИХАИЛ ВАСИЛЬЕВИЧ,Not Moscow
1279,CA2870247,ZECOTECH PHOTONICS,organisation,ZECOTECH ФОТОНИКИ,Not Moscow
1279,CA2870247,ZECOTEK IMAGING SYSTEMS SINGAPORE PTE,organisation,СИСТЕМ ZECOTEK ВИЗУАЛИЗАЦИИ СИНГАПУР ПТЕ,Not Moscow
1279,CA2870247,ZECOTEK PHOTONICS,organisation,ZECOTEK ФОТОНИКИ,Not Moscow
1279,CA2870247,ZERROUK FAOUZI ABDELMOUNAIME,individual,Зерук Фаузи Абдель Монейм,Not Moscow
1280,CA2879206,HAN SEUNGHEE,individual,ХАН СОНГИ,Not Moscow
1280,CA2879206,INTEL,organisation,Корпорация Intel,Not Moscow
1281,"US13/731,008",INTEL,organisation,Корпорация Intel,Not Moscow
1282,"US13/728,506",INTEL,organisation,Корпорация Intel,Not Moscow
1283,NL2011175,IN,organisation,В,Not Moscow
1283,NL2011175,INTEL,organisation,Корпорация Intel,Not Moscow
1284,NL2011259,ETEMAD KAMRAN,individual,ЭТАМАД КАМРАН,Not Moscow
1284,NL2011259,INTEL,organisation,Корпорация Intel,Not Moscow
1285,ITMI20130688,INTEL,organisation,Корпорация Intel,Not Moscow
1286,RU2012148736,IY MA CHUL,organisation,ИЙ МА ЧХОЛЬ,Not Moscow
1286,RU2012148736,MATSUR IGOR,individual,МАЦУР ИГОРЬ,Not Moscow
1286,RU2012148736,PARALLELS IP HOLDINGS,organisation,ПАРАЛЛЕЛИ ИС ПРЕДПРИЯТИЕМ,Not Moscow
1287,CA2869000,INTEL,organisation,Корпорация Intel,Not Moscow
1288,WORU2013000040,1C,organisation,1С,Moscow
1288,WORU2013000040,1C LIABILITY,organisation,"ОТВЕТСТВЕННОСТЬ ""1С"" ",Moscow
1288,WORU2013000040,1C RU RU,organisation,1С РУ РУ,Moscow
1288,WORU2013000040,OOO 1S,organisation,ООО 1С,Moscow
1289,WORU2012000794,INTEL,organisation,Корпорация Intel,Not Moscow
1290,WOUS2013047669,INTEL,organisation,Корпорация Intel,Not Moscow
1291,WOUS2013045429,INTEL,organisation,Корпорация Intel,Not Moscow
1292,FI20136094,INTEL,organisation,Корпорация Intel,Not Moscow
1293,"US13/600,100",CODEGEAR,organisation,CODEGEAR,Not Moscow
1293,"US13/600,100",COPPEREGG,organisation,COPPEREGG,Not Moscow
1293,"US13/600,100",EMB HOLDING,organisation,НАБ ДЕРЖАЛ,Not Moscow
1293,"US13/600,100",EMBARCADERO TECHNOLOGIES,organisation,ЭМБАРКАДЕРО ТЕХНОЛОГИЙ,Not Moscow
1293,"US13/600,100",IDERA,organisation,Компании idera,Not Moscow
1293,"US13/600,100",PRECISE SOFTWARE SOLUTIONS,organisation,ТОЧНЫЕ ПРОГРАММНЫЕ РЕШЕНИЯ,Not Moscow
1293,"US13/600,100",SHC AMBEO ACQUISITION,organisation,ПРИОБРЕТЕНИЕ ГТД AMBEO ,Not Moscow
1294,"US13/755,166",INTEL,organisation,Корпорация Intel,Not Moscow
1295,ITMI20130394,INTEL,organisation,Корпорация Intel,Not Moscow
1296,CA2986418,INTEL,organisation,Корпорация Intel,Not Moscow
1297,RU2012106461,HEALBE,organisation,Компания Healbe,Not Moscow
1297,RU2012106461,HEALBY,organisation,Healby и др.,Not Moscow
1297,RU2012106461,KHILBI,organisation,KHILBI,Not Moscow
1297,RU2012106461,OBSHCHESTVO S OGRANICHENNOY OTVETSTVENNOSTYU ALGORITM,organisation,ОБЩЕСТВО С ОГРАНИЧЕННОЙ ОТВЕТСТВЕННОСТЬЮ АЛГОРИТМ,Not Moscow
1297,RU2012106461,OBSHCHESTVO S OGRANICHENNOY OTVETSTVENNOSTYU HILBI,organisation,ОБЩЕСТВО С ОГРАНИЧЕННОЙ ОТВЕТСТВЕННОСТЬЮ HILBI,Not Moscow
1297,RU2012106461,OBSHCHESTVO S OGRANICHENNOY OTVETSTVENNOSTYU KHILBI,organisation,ОБЩЕСТВО С ОГРАНИЧЕННОЙ ОТВЕТСТВЕННОСТЬЮ KHILBI,Not Moscow
1298,WOUS2012030833,INTEL,organisation,Корпорация Intel,Not Moscow
1299,WOUS2011053903,INTEL,organisation,Корпорация Intel,Not Moscow
1300,WOUS2012035568,INTEL,organisation,Корпорация Intel,Not Moscow
1301,WOEP2011003173,PETER NIKOLAEVICH LUSKINOVICH,individual,ПЕТР НИКОЛАЕВИЧ ЛУСКИНОВИЧ,Not Moscow
1301,WOEP2011003173,RUSUKINOVU ITCHI PETR NIKOLAEVICH,individual,РУСУКИН ИЧИ ПЕТР НИКОЛАЕВИЧ,Not Moscow
1302,WOUS2011038817,AABYE CHRISTIAN,individual,AABYE CHRISTIAN,Not Moscow
1302,WOUS2011038817,HILL TRUDY,organisation,ХОЛМ ТРУДИ,Not Moscow
1302,WOUS2011038817,MAKARENKO OLEG,individual,МАКАРЕНКО ОЛЕГ,Not Moscow
1302,WOUS2011038817,MAKHOTIN OLEG,individual,ОЛЕГ Махотин,Not Moscow
1302,WOUS2011038817,NGO HAO,organisation,НПО ХАО,Not Moscow
1302,WOUS2011038817,THAW WILLIAM ALEXANDER,individual,ТАУ УИЛЬЯМ АЛЕКСАНДР,Not Moscow
1302,WOUS2011038817,VISA,organisation,Виза,Not Moscow
1302,WOUS2011038817,WONG ERICK,individual,ВОНГ ЭРИК,Not Moscow
1303,RU2011108066,DISICON,organisation,DISICON,Not Moscow
1303,RU2011108066,LIABILITY,organisation,Ограниченной ответственностью,Not Moscow
1303,RU2011108066,OOO DISIKON OOO DSK,organisation,ООО DISIKON ДСК,Not Moscow
1304,WOUS2009036837,INTEL,organisation,Корпорация Intel,Not Moscow
1305,"US09/808,717",PAYPAL,organisation,В PayPal,Not Moscow
